--------------------------------------------------------
--  파일이 생성됨 - 수요일-1월-31-2018   
--------------------------------------------------------
DROP TABLE "BASEBALL"."AUCTION" cascade constraints;
DROP TABLE "BASEBALL"."AUCTION_DETAIL" cascade constraints;
DROP TABLE "BASEBALL"."AUCTION_IMAGE" cascade constraints;
DROP TABLE "BASEBALL"."AUCTION_RESULT" cascade constraints;
DROP TABLE "BASEBALL"."BOARD" cascade constraints;
DROP TABLE "BASEBALL"."BOARD_REPLY" cascade constraints;
DROP TABLE "BASEBALL"."MEMBER" cascade constraints;
DROP TABLE "BASEBALL"."MEMBER_DETAIL" cascade constraints;
DROP TABLE "BASEBALL"."NEWS" cascade constraints;
DROP TABLE "BASEBALL"."NEWS_REPLY" cascade constraints;
DROP TABLE "BASEBALL"."NEWS_TEAM" cascade constraints;
DROP TABLE "BASEBALL"."NOTICE" cascade constraints;
DROP TABLE "BASEBALL"."NOTICE_TYPE" cascade constraints;
DROP TABLE "BASEBALL"."PICTURE" cascade constraints;
DROP TABLE "BASEBALL"."PLAN" cascade constraints;
DROP TABLE "BASEBALL"."ROOKIE_DETAIL" cascade constraints;
DROP TABLE "BASEBALL"."STADIUM" cascade constraints;
DROP TABLE "BASEBALL"."TEAM" cascade constraints;
DROP TABLE "BASEBALL"."TEAM_IMG" cascade constraints;
DROP TABLE "BASEBALL"."ZIPCODE" cascade constraints;
DROP SEQUENCE "BASEBALL"."AUCTION_SEQ";
DROP SEQUENCE "BASEBALL"."BOARD_SEQ";
DROP SEQUENCE "BASEBALL"."MEMBER_SEQ";
DROP SEQUENCE "BASEBALL"."NEWS_SEQ";
DROP SEQUENCE "BASEBALL"."NOTICE_SEQ";
DROP SEQUENCE "BASEBALL"."PICTURE_SEQ";
DROP SEQUENCE "BASEBALL"."REPLY_SEQ";
--------------------------------------------------------
--  DDL for Table AUCTION
--------------------------------------------------------

  CREATE TABLE "BASEBALL"."AUCTION" 
   (	"ANO" NUMBER, 
	"ANAME" VARCHAR2(100 BYTE), 
	"ADETAIL" CLOB, 
	"STARTTIME" DATE, 
	"ENDTIME" DATE, 
	"MID" VARCHAR2(16 BYTE), 
	"INITPRICE" NUMBER, 
	"CATEGORY1" NUMBER, 
	"CATEGORY2" NUMBER, 
	"ASTATUS" VARCHAR2(1 BYTE), 
	"ACOUNT" NUMBER, 
	"TNO" NUMBER(10,0)
   ) SEGMENT CREATION IMMEDIATE 
  PCTFREE 10 PCTUSED 40 INITRANS 1 MAXTRANS 255 NOCOMPRESS LOGGING
  STORAGE(INITIAL 65536 NEXT 1048576 MINEXTENTS 1 MAXEXTENTS 2147483645
  PCTINCREASE 0 FREELISTS 1 FREELIST GROUPS 1 BUFFER_POOL DEFAULT FLASH_CACHE DEFAULT CELL_FLASH_CACHE DEFAULT)
  TABLESPACE "SYSTEM" 
 LOB ("ADETAIL") STORE AS BASICFILE (
  TABLESPACE "SYSTEM" ENABLE STORAGE IN ROW CHUNK 8192 RETENTION 
  NOCACHE LOGGING 
  STORAGE(INITIAL 65536 NEXT 1048576 MINEXTENTS 1 MAXEXTENTS 2147483645
  PCTINCREASE 0 FREELISTS 1 FREELIST GROUPS 1 BUFFER_POOL DEFAULT FLASH_CACHE DEFAULT CELL_FLASH_CACHE DEFAULT)) ;

   COMMENT ON COLUMN "BASEBALL"."AUCTION"."ANO" IS '경매번호';
   COMMENT ON COLUMN "BASEBALL"."AUCTION"."ANAME" IS '물품명';
   COMMENT ON COLUMN "BASEBALL"."AUCTION"."ADETAIL" IS '물품상세';
   COMMENT ON COLUMN "BASEBALL"."AUCTION"."STARTTIME" IS '등록시각';
   COMMENT ON COLUMN "BASEBALL"."AUCTION"."ENDTIME" IS '종료시각';
   COMMENT ON COLUMN "BASEBALL"."AUCTION"."MID" IS '판매회원아이디';
   COMMENT ON COLUMN "BASEBALL"."AUCTION"."INITPRICE" IS '입찰시작가';
   COMMENT ON COLUMN "BASEBALL"."AUCTION"."CATEGORY1" IS '대분류';
   COMMENT ON COLUMN "BASEBALL"."AUCTION"."CATEGORY2" IS '중분류';
   COMMENT ON COLUMN "BASEBALL"."AUCTION"."ASTATUS" IS '1진행/2종료';
   COMMENT ON COLUMN "BASEBALL"."AUCTION"."ACOUNT" IS '조회수';
   COMMENT ON COLUMN "BASEBALL"."AUCTION"."TNO" IS '구단분류번호';
   COMMENT ON TABLE "BASEBALL"."AUCTION"  IS '경매';
--------------------------------------------------------
--  DDL for Table AUCTION_DETAIL
--------------------------------------------------------

  CREATE TABLE "BASEBALL"."AUCTION_DETAIL" 
   (	"ANO" NUMBER, 
	"MID" VARCHAR2(16 BYTE), 
	"BIDPRICE" NUMBER, 
	"BIDDATE" DATE
   ) SEGMENT CREATION IMMEDIATE 
  PCTFREE 10 PCTUSED 40 INITRANS 1 MAXTRANS 255 NOCOMPRESS LOGGING
  STORAGE(INITIAL 65536 NEXT 1048576 MINEXTENTS 1 MAXEXTENTS 2147483645
  PCTINCREASE 0 FREELISTS 1 FREELIST GROUPS 1 BUFFER_POOL DEFAULT FLASH_CACHE DEFAULT CELL_FLASH_CACHE DEFAULT)
  TABLESPACE "USERS" ;

   COMMENT ON COLUMN "BASEBALL"."AUCTION_DETAIL"."ANO" IS '경매번호';
   COMMENT ON COLUMN "BASEBALL"."AUCTION_DETAIL"."MID" IS '입찰회원아이디';
   COMMENT ON COLUMN "BASEBALL"."AUCTION_DETAIL"."BIDPRICE" IS '입찰가';
   COMMENT ON COLUMN "BASEBALL"."AUCTION_DETAIL"."BIDDATE" IS '입찰시각';
   COMMENT ON TABLE "BASEBALL"."AUCTION_DETAIL"  IS '경매입찰상세';
--------------------------------------------------------
--  DDL for Table AUCTION_IMAGE
--------------------------------------------------------

  CREATE TABLE "BASEBALL"."AUCTION_IMAGE" 
   (	"ANO" NUMBER, 
	"AIMAGE" VARCHAR2(500 BYTE)
   ) SEGMENT CREATION IMMEDIATE 
  PCTFREE 10 PCTUSED 40 INITRANS 1 MAXTRANS 255 NOCOMPRESS LOGGING
  STORAGE(INITIAL 65536 NEXT 1048576 MINEXTENTS 1 MAXEXTENTS 2147483645
  PCTINCREASE 0 FREELISTS 1 FREELIST GROUPS 1 BUFFER_POOL DEFAULT FLASH_CACHE DEFAULT CELL_FLASH_CACHE DEFAULT)
  TABLESPACE "USERS" ;

   COMMENT ON COLUMN "BASEBALL"."AUCTION_IMAGE"."ANO" IS '경매번호';
   COMMENT ON COLUMN "BASEBALL"."AUCTION_IMAGE"."AIMAGE" IS '이미지';
   COMMENT ON TABLE "BASEBALL"."AUCTION_IMAGE"  IS '물품이미지';
--------------------------------------------------------
--  DDL for Table AUCTION_RESULT
--------------------------------------------------------

  CREATE TABLE "BASEBALL"."AUCTION_RESULT" 
   (	"ANO" NUMBER, 
	"MID" VARCHAR2(16 BYTE), 
	"FINALPRICE" NUMBER, 
	"RBIDDATE" DATE
   ) SEGMENT CREATION IMMEDIATE 
  PCTFREE 10 PCTUSED 40 INITRANS 1 MAXTRANS 255 NOCOMPRESS LOGGING
  STORAGE(INITIAL 65536 NEXT 1048576 MINEXTENTS 1 MAXEXTENTS 2147483645
  PCTINCREASE 0 FREELISTS 1 FREELIST GROUPS 1 BUFFER_POOL DEFAULT FLASH_CACHE DEFAULT CELL_FLASH_CACHE DEFAULT)
  TABLESPACE "USERS" ;

   COMMENT ON COLUMN "BASEBALL"."AUCTION_RESULT"."ANO" IS '경매번호';
   COMMENT ON COLUMN "BASEBALL"."AUCTION_RESULT"."MID" IS '낙찰회원아이디';
   COMMENT ON COLUMN "BASEBALL"."AUCTION_RESULT"."FINALPRICE" IS '낙찰가';
   COMMENT ON COLUMN "BASEBALL"."AUCTION_RESULT"."RBIDDATE" IS '낙찰시간
';
   COMMENT ON TABLE "BASEBALL"."AUCTION_RESULT"  IS '경매완료상세';
--------------------------------------------------------
--  DDL for Table BOARD
--------------------------------------------------------

  CREATE TABLE "BASEBALL"."BOARD" 
   (	"BNO" NUMBER, 
	"MID" VARCHAR2(16 BYTE), 
	"BNAME" VARCHAR2(100 BYTE), 
	"BDETAIL" CLOB, 
	"TNO" NUMBER(10,0), 
	"BCOUNT" NUMBER, 
	"BDATE" DATE, 
	"BSTATUS" VARCHAR2(1 BYTE), 
	"MNAME" VARCHAR2(20 BYTE)
   ) SEGMENT CREATION IMMEDIATE 
  PCTFREE 10 PCTUSED 40 INITRANS 1 MAXTRANS 255 NOCOMPRESS LOGGING
  STORAGE(INITIAL 65536 NEXT 1048576 MINEXTENTS 1 MAXEXTENTS 2147483645
  PCTINCREASE 0 FREELISTS 1 FREELIST GROUPS 1 BUFFER_POOL DEFAULT FLASH_CACHE DEFAULT CELL_FLASH_CACHE DEFAULT)
  TABLESPACE "SYSTEM" 
 LOB ("BDETAIL") STORE AS BASICFILE (
  TABLESPACE "SYSTEM" ENABLE STORAGE IN ROW CHUNK 8192 RETENTION 
  NOCACHE LOGGING 
  STORAGE(INITIAL 65536 NEXT 1048576 MINEXTENTS 1 MAXEXTENTS 2147483645
  PCTINCREASE 0 FREELISTS 1 FREELIST GROUPS 1 BUFFER_POOL DEFAULT FLASH_CACHE DEFAULT CELL_FLASH_CACHE DEFAULT)) ;

   COMMENT ON COLUMN "BASEBALL"."BOARD"."BNO" IS '게시물번호';
   COMMENT ON COLUMN "BASEBALL"."BOARD"."MID" IS '작성회원아이디';
   COMMENT ON COLUMN "BASEBALL"."BOARD"."BNAME" IS '제목';
   COMMENT ON COLUMN "BASEBALL"."BOARD"."BDETAIL" IS '내용';
   COMMENT ON COLUMN "BASEBALL"."BOARD"."TNO" IS '구단번호';
   COMMENT ON COLUMN "BASEBALL"."BOARD"."BCOUNT" IS '조회수';
   COMMENT ON COLUMN "BASEBALL"."BOARD"."BDATE" IS '작성시각';
   COMMENT ON COLUMN "BASEBALL"."BOARD"."BSTATUS" IS '1정상/2신고';
   COMMENT ON TABLE "BASEBALL"."BOARD"  IS '커뮤니티';
--------------------------------------------------------
--  DDL for Table BOARD_REPLY
--------------------------------------------------------

  CREATE TABLE "BASEBALL"."BOARD_REPLY" 
   (	"RENO" NUMBER, 
	"BNO" NUMBER, 
	"MID" VARCHAR2(16 BYTE), 
	"REPLYNAME" VARCHAR2(20 BYTE), 
	"RECONTENT" VARCHAR2(1000 BYTE), 
	"RETIME" DATE
   ) SEGMENT CREATION IMMEDIATE 
  PCTFREE 10 PCTUSED 40 INITRANS 1 MAXTRANS 255 NOCOMPRESS LOGGING
  STORAGE(INITIAL 65536 NEXT 1048576 MINEXTENTS 1 MAXEXTENTS 2147483645
  PCTINCREASE 0 FREELISTS 1 FREELIST GROUPS 1 BUFFER_POOL DEFAULT FLASH_CACHE DEFAULT CELL_FLASH_CACHE DEFAULT)
  TABLESPACE "SYSTEM" ;

   COMMENT ON COLUMN "BASEBALL"."BOARD_REPLY"."RENO" IS '댓글번호';
   COMMENT ON COLUMN "BASEBALL"."BOARD_REPLY"."BNO" IS '원글게시물번호';
   COMMENT ON COLUMN "BASEBALL"."BOARD_REPLY"."MID" IS '작성회원아이디';
   COMMENT ON COLUMN "BASEBALL"."BOARD_REPLY"."REPLYNAME" IS '작성회원이름';
   COMMENT ON COLUMN "BASEBALL"."BOARD_REPLY"."RECONTENT" IS '댓글내용';
   COMMENT ON COLUMN "BASEBALL"."BOARD_REPLY"."RETIME" IS '댓글작성일';
   COMMENT ON TABLE "BASEBALL"."BOARD_REPLY"  IS '커뮤니티댓글';
--------------------------------------------------------
--  DDL for Table MEMBER
--------------------------------------------------------

  CREATE TABLE "BASEBALL"."MEMBER" 
   (	"MID" VARCHAR2(16 BYTE), 
	"PASS" VARCHAR2(16 BYTE), 
	"NAME" VARCHAR2(20 BYTE), 
	"EMAIL1" VARCHAR2(16 BYTE), 
	"EMAIL2" VARCHAR2(30 BYTE), 
	"JOINDATE" DATE
   ) SEGMENT CREATION IMMEDIATE 
  PCTFREE 10 PCTUSED 40 INITRANS 1 MAXTRANS 255 NOCOMPRESS LOGGING
  STORAGE(INITIAL 65536 NEXT 1048576 MINEXTENTS 1 MAXEXTENTS 2147483645
  PCTINCREASE 0 FREELISTS 1 FREELIST GROUPS 1 BUFFER_POOL DEFAULT FLASH_CACHE DEFAULT CELL_FLASH_CACHE DEFAULT)
  TABLESPACE "SYSTEM" ;

   COMMENT ON COLUMN "BASEBALL"."MEMBER"."MID" IS '아이디';
   COMMENT ON COLUMN "BASEBALL"."MEMBER"."PASS" IS '비밀번호';
   COMMENT ON COLUMN "BASEBALL"."MEMBER"."NAME" IS '이름';
   COMMENT ON COLUMN "BASEBALL"."MEMBER"."EMAIL1" IS '이메일1';
   COMMENT ON COLUMN "BASEBALL"."MEMBER"."EMAIL2" IS '이메일2';
   COMMENT ON COLUMN "BASEBALL"."MEMBER"."JOINDATE" IS '가입일자';
   COMMENT ON TABLE "BASEBALL"."MEMBER"  IS '회원';
--------------------------------------------------------
--  DDL for Table MEMBER_DETAIL
--------------------------------------------------------

  CREATE TABLE "BASEBALL"."MEMBER_DETAIL" 
   (	"MID" VARCHAR2(16 BYTE), 
	"TEL1" VARCHAR2(3 BYTE), 
	"TEL2" VARCHAR2(4 BYTE), 
	"TEL3" VARCHAR2(4 BYTE), 
	"ZIP1" VARCHAR2(5 BYTE), 
	"ADDR1" VARCHAR2(100 BYTE), 
	"ADDR2" VARCHAR2(100 BYTE), 
	"TNO" NUMBER(10,0), 
	"ROOKIE" NUMBER, 
	"PENALTY" NUMBER, 
	"MTYPE" VARCHAR2(1 BYTE), 
	"MSTATUS" VARCHAR2(1 BYTE)
   ) SEGMENT CREATION IMMEDIATE 
  PCTFREE 10 PCTUSED 40 INITRANS 1 MAXTRANS 255 NOCOMPRESS LOGGING
  STORAGE(INITIAL 65536 NEXT 1048576 MINEXTENTS 1 MAXEXTENTS 2147483645
  PCTINCREASE 0 FREELISTS 1 FREELIST GROUPS 1 BUFFER_POOL DEFAULT FLASH_CACHE DEFAULT CELL_FLASH_CACHE DEFAULT)
  TABLESPACE "SYSTEM" ;

   COMMENT ON COLUMN "BASEBALL"."MEMBER_DETAIL"."MID" IS '아이디';
   COMMENT ON COLUMN "BASEBALL"."MEMBER_DETAIL"."TEL1" IS '전화번호1';
   COMMENT ON COLUMN "BASEBALL"."MEMBER_DETAIL"."TEL2" IS '전화번호2';
   COMMENT ON COLUMN "BASEBALL"."MEMBER_DETAIL"."TEL3" IS '전화번호3';
   COMMENT ON COLUMN "BASEBALL"."MEMBER_DETAIL"."ZIP1" IS '우편번호1';
   COMMENT ON COLUMN "BASEBALL"."MEMBER_DETAIL"."ADDR1" IS '주소1';
   COMMENT ON COLUMN "BASEBALL"."MEMBER_DETAIL"."ADDR2" IS '주소2';
   COMMENT ON COLUMN "BASEBALL"."MEMBER_DETAIL"."TNO" IS '1개만선택가능';
   COMMENT ON COLUMN "BASEBALL"."MEMBER_DETAIL"."ROOKIE" IS '루키';
   COMMENT ON COLUMN "BASEBALL"."MEMBER_DETAIL"."PENALTY" IS '패널티수';
   COMMENT ON COLUMN "BASEBALL"."MEMBER_DETAIL"."MTYPE" IS '1일반회원/2소셜회원?';
   COMMENT ON COLUMN "BASEBALL"."MEMBER_DETAIL"."MSTATUS" IS '1회원/2정지/3탈퇴';
   COMMENT ON TABLE "BASEBALL"."MEMBER_DETAIL"  IS '회원상세';
--------------------------------------------------------
--  DDL for Table NEWS
--------------------------------------------------------

  CREATE TABLE "BASEBALL"."NEWS" 
   (	"NNO" NUMBER, 
	"NNAME" VARCHAR2(100 BYTE), 
	"NDETAIL" CLOB, 
	"NIMAGE" VARCHAR2(500 BYTE), 
	"WRITER" VARCHAR2(20 BYTE), 
	"NCOUNT" NUMBER, 
	"NDATE" DATE
   ) SEGMENT CREATION IMMEDIATE 
  PCTFREE 10 PCTUSED 40 INITRANS 1 MAXTRANS 255 NOCOMPRESS LOGGING
  STORAGE(INITIAL 65536 NEXT 1048576 MINEXTENTS 1 MAXEXTENTS 2147483645
  PCTINCREASE 0 FREELISTS 1 FREELIST GROUPS 1 BUFFER_POOL DEFAULT FLASH_CACHE DEFAULT CELL_FLASH_CACHE DEFAULT)
  TABLESPACE "SYSTEM" 
 LOB ("NDETAIL") STORE AS BASICFILE (
  TABLESPACE "SYSTEM" ENABLE STORAGE IN ROW CHUNK 8192 RETENTION 
  NOCACHE LOGGING 
  STORAGE(INITIAL 65536 NEXT 1048576 MINEXTENTS 1 MAXEXTENTS 2147483645
  PCTINCREASE 0 FREELISTS 1 FREELIST GROUPS 1 BUFFER_POOL DEFAULT FLASH_CACHE DEFAULT CELL_FLASH_CACHE DEFAULT)) ;

   COMMENT ON COLUMN "BASEBALL"."NEWS"."NNO" IS '기사번호';
   COMMENT ON COLUMN "BASEBALL"."NEWS"."NNAME" IS '기사제목';
   COMMENT ON COLUMN "BASEBALL"."NEWS"."NDETAIL" IS '기사내용';
   COMMENT ON COLUMN "BASEBALL"."NEWS"."NIMAGE" IS '대표이미지';
   COMMENT ON COLUMN "BASEBALL"."NEWS"."WRITER" IS '작성자';
   COMMENT ON COLUMN "BASEBALL"."NEWS"."NCOUNT" IS '조회수';
   COMMENT ON COLUMN "BASEBALL"."NEWS"."NDATE" IS '작성시각';
   COMMENT ON TABLE "BASEBALL"."NEWS"  IS '뉴스';
--------------------------------------------------------
--  DDL for Table NEWS_REPLY
--------------------------------------------------------

  CREATE TABLE "BASEBALL"."NEWS_REPLY" 
   (	"NNO" NUMBER, 
	"MID" VARCHAR2(16 BYTE), 
	"NCONTENT" VARCHAR2(1000 BYTE)
   ) SEGMENT CREATION IMMEDIATE 
  PCTFREE 10 PCTUSED 40 INITRANS 1 MAXTRANS 255 NOCOMPRESS LOGGING
  STORAGE(INITIAL 65536 NEXT 1048576 MINEXTENTS 1 MAXEXTENTS 2147483645
  PCTINCREASE 0 FREELISTS 1 FREELIST GROUPS 1 BUFFER_POOL DEFAULT FLASH_CACHE DEFAULT CELL_FLASH_CACHE DEFAULT)
  TABLESPACE "SYSTEM" ;

   COMMENT ON COLUMN "BASEBALL"."NEWS_REPLY"."NNO" IS '기사번호';
   COMMENT ON COLUMN "BASEBALL"."NEWS_REPLY"."MID" IS '작성회원아이디';
   COMMENT ON COLUMN "BASEBALL"."NEWS_REPLY"."NCONTENT" IS '작성내용';
   COMMENT ON TABLE "BASEBALL"."NEWS_REPLY"  IS '뉴스댓글';
--------------------------------------------------------
--  DDL for Table NEWS_TEAM
--------------------------------------------------------

  CREATE TABLE "BASEBALL"."NEWS_TEAM" 
   (	"NNO" NUMBER, 
	"TNO" NUMBER(10,0)
   ) SEGMENT CREATION IMMEDIATE 
  PCTFREE 10 PCTUSED 40 INITRANS 1 MAXTRANS 255 NOCOMPRESS LOGGING
  STORAGE(INITIAL 65536 NEXT 1048576 MINEXTENTS 1 MAXEXTENTS 2147483645
  PCTINCREASE 0 FREELISTS 1 FREELIST GROUPS 1 BUFFER_POOL DEFAULT FLASH_CACHE DEFAULT CELL_FLASH_CACHE DEFAULT)
  TABLESPACE "SYSTEM" ;

   COMMENT ON COLUMN "BASEBALL"."NEWS_TEAM"."NNO" IS '기사번호';
   COMMENT ON COLUMN "BASEBALL"."NEWS_TEAM"."TNO" IS '구단번호';
   COMMENT ON TABLE "BASEBALL"."NEWS_TEAM"  IS '뉴스상세';
--------------------------------------------------------
--  DDL for Table NOTICE
--------------------------------------------------------

  CREATE TABLE "BASEBALL"."NOTICE" 
   (	"NO" NUMBER, 
	"SUBJECT" VARCHAR2(100 BYTE), 
	"DETAIL" CLOB, 
	"COUNT" NUMBER, 
	"WRITEDATE" DATE, 
	"NTYPE" NUMBER, 
	"NAME" VARCHAR2(20 BYTE)
   ) SEGMENT CREATION IMMEDIATE 
  PCTFREE 10 PCTUSED 40 INITRANS 1 MAXTRANS 255 NOCOMPRESS LOGGING
  STORAGE(INITIAL 65536 NEXT 1048576 MINEXTENTS 1 MAXEXTENTS 2147483645
  PCTINCREASE 0 FREELISTS 1 FREELIST GROUPS 1 BUFFER_POOL DEFAULT FLASH_CACHE DEFAULT CELL_FLASH_CACHE DEFAULT)
  TABLESPACE "SYSTEM" 
 LOB ("DETAIL") STORE AS BASICFILE (
  TABLESPACE "SYSTEM" ENABLE STORAGE IN ROW CHUNK 8192 RETENTION 
  NOCACHE LOGGING 
  STORAGE(INITIAL 65536 NEXT 1048576 MINEXTENTS 1 MAXEXTENTS 2147483645
  PCTINCREASE 0 FREELISTS 1 FREELIST GROUPS 1 BUFFER_POOL DEFAULT FLASH_CACHE DEFAULT CELL_FLASH_CACHE DEFAULT)) ;

   COMMENT ON COLUMN "BASEBALL"."NOTICE"."NO" IS '공지번호';
   COMMENT ON COLUMN "BASEBALL"."NOTICE"."SUBJECT" IS '공지제목';
   COMMENT ON COLUMN "BASEBALL"."NOTICE"."DETAIL" IS '공지내용';
   COMMENT ON COLUMN "BASEBALL"."NOTICE"."COUNT" IS '조회수';
   COMMENT ON COLUMN "BASEBALL"."NOTICE"."WRITEDATE" IS '작성시각';
   COMMENT ON TABLE "BASEBALL"."NOTICE"  IS '공지사항';
--------------------------------------------------------
--  DDL for Table NOTICE_TYPE
--------------------------------------------------------

  CREATE TABLE "BASEBALL"."NOTICE_TYPE" 
   (	"NTYPE" NUMBER, 
	"NNAME" VARCHAR2(20 BYTE)
   ) SEGMENT CREATION IMMEDIATE 
  PCTFREE 10 PCTUSED 40 INITRANS 1 MAXTRANS 255 NOCOMPRESS LOGGING
  STORAGE(INITIAL 65536 NEXT 1048576 MINEXTENTS 1 MAXEXTENTS 2147483645
  PCTINCREASE 0 FREELISTS 1 FREELIST GROUPS 1 BUFFER_POOL DEFAULT FLASH_CACHE DEFAULT CELL_FLASH_CACHE DEFAULT)
  TABLESPACE "SYSTEM" ;
--------------------------------------------------------
--  DDL for Table PICTURE
--------------------------------------------------------

  CREATE TABLE "BASEBALL"."PICTURE" 
   (	"PINO" NUMBER, 
	"BNO" NUMBER, 
	"ORIGIN_PICTURE" VARCHAR2(100 BYTE), 
	"SAVE_PICTURE" VARCHAR2(100 BYTE), 
	"SAVEFOLDER" VARCHAR2(30 BYTE)
   ) SEGMENT CREATION IMMEDIATE 
  PCTFREE 10 PCTUSED 40 INITRANS 1 MAXTRANS 255 NOCOMPRESS LOGGING
  STORAGE(INITIAL 65536 NEXT 1048576 MINEXTENTS 1 MAXEXTENTS 2147483645
  PCTINCREASE 0 FREELISTS 1 FREELIST GROUPS 1 BUFFER_POOL DEFAULT FLASH_CACHE DEFAULT CELL_FLASH_CACHE DEFAULT)
  TABLESPACE "SYSTEM" ;

   COMMENT ON COLUMN "BASEBALL"."PICTURE"."PINO" IS '사진번호';
   COMMENT ON COLUMN "BASEBALL"."PICTURE"."BNO" IS '원글게시물번호';
   COMMENT ON COLUMN "BASEBALL"."PICTURE"."ORIGIN_PICTURE" IS '원본사진이름';
   COMMENT ON COLUMN "BASEBALL"."PICTURE"."SAVE_PICTURE" IS '저장사진이름';
   COMMENT ON COLUMN "BASEBALL"."PICTURE"."SAVEFOLDER" IS '저장폴더';
   COMMENT ON TABLE "BASEBALL"."PICTURE"  IS '첨부사진';
--------------------------------------------------------
--  DDL for Table PLAN
--------------------------------------------------------

  CREATE TABLE "BASEBALL"."PLAN" 
   (	"TNO1" NUMBER(10,0), 
	"TNO2" NUMBER(10,0), 
	"SNO" NUMBER(10,0), 
	"PLAYDATE" DATE, 
	"SCORE1" NUMBER(10,0), 
	"SCORE2" NUMBER(10,0), 
	"PSTATUS" VARCHAR2(1 BYTE)
   ) SEGMENT CREATION IMMEDIATE 
  PCTFREE 10 PCTUSED 40 INITRANS 1 MAXTRANS 255 NOCOMPRESS LOGGING
  STORAGE(INITIAL 65536 NEXT 1048576 MINEXTENTS 1 MAXEXTENTS 2147483645
  PCTINCREASE 0 FREELISTS 1 FREELIST GROUPS 1 BUFFER_POOL DEFAULT FLASH_CACHE DEFAULT CELL_FLASH_CACHE DEFAULT)
  TABLESPACE "SYSTEM" ;

   COMMENT ON COLUMN "BASEBALL"."PLAN"."TNO1" IS '홈구단번호';
   COMMENT ON COLUMN "BASEBALL"."PLAN"."TNO2" IS '어웨이구단번호';
   COMMENT ON COLUMN "BASEBALL"."PLAN"."SNO" IS '경기구장번호';
   COMMENT ON COLUMN "BASEBALL"."PLAN"."PLAYDATE" IS '경기일자';
   COMMENT ON COLUMN "BASEBALL"."PLAN"."SCORE1" IS 'default 0';
   COMMENT ON COLUMN "BASEBALL"."PLAN"."SCORE2" IS 'default 0';
   COMMENT ON COLUMN "BASEBALL"."PLAN"."PSTATUS" IS '1예정/2종료/3취소';
   COMMENT ON TABLE "BASEBALL"."PLAN"  IS '일정';
--------------------------------------------------------
--  DDL for Table ROOKIE_DETAIL
--------------------------------------------------------

  CREATE TABLE "BASEBALL"."ROOKIE_DETAIL" 
   (	"MID" VARCHAR2(16 BYTE), 
	"PRICE" NUMBER, 
	"PAYDATE" DATE, 
	"RTYPE" VARCHAR2(1 BYTE), 
	"RDETAIL" VARCHAR2(100 BYTE)
   ) SEGMENT CREATION IMMEDIATE 
  PCTFREE 10 PCTUSED 40 INITRANS 1 MAXTRANS 255 NOCOMPRESS LOGGING
  STORAGE(INITIAL 65536 NEXT 1048576 MINEXTENTS 1 MAXEXTENTS 2147483645
  PCTINCREASE 0 FREELISTS 1 FREELIST GROUPS 1 BUFFER_POOL DEFAULT FLASH_CACHE DEFAULT CELL_FLASH_CACHE DEFAULT)
  TABLESPACE "SYSTEM" ;

   COMMENT ON COLUMN "BASEBALL"."ROOKIE_DETAIL"."MID" IS '아이디';
   COMMENT ON COLUMN "BASEBALL"."ROOKIE_DETAIL"."PRICE" IS '금액';
   COMMENT ON COLUMN "BASEBALL"."ROOKIE_DETAIL"."PAYDATE" IS '일시';
   COMMENT ON COLUMN "BASEBALL"."ROOKIE_DETAIL"."RTYPE" IS '1증가(+)/2감소(-)';
   COMMENT ON COLUMN "BASEBALL"."ROOKIE_DETAIL"."RDETAIL" IS '충전, 경매 등';
   COMMENT ON TABLE "BASEBALL"."ROOKIE_DETAIL"  IS '루키상세';
--------------------------------------------------------
--  DDL for Table STADIUM
--------------------------------------------------------

  CREATE TABLE "BASEBALL"."STADIUM" 
   (	"SNO" NUMBER(10,0), 
	"SNAME" VARCHAR2(50 BYTE), 
	"SLOC" VARCHAR2(100 BYTE), 
	"IMAGE" VARCHAR2(500 BYTE), 
	"LAT" NUMBER, 
	"LNG" NUMBER, 
	"LOCID" NUMBER
   ) SEGMENT CREATION IMMEDIATE 
  PCTFREE 10 PCTUSED 40 INITRANS 1 MAXTRANS 255 NOCOMPRESS LOGGING
  STORAGE(INITIAL 65536 NEXT 1048576 MINEXTENTS 1 MAXEXTENTS 2147483645
  PCTINCREASE 0 FREELISTS 1 FREELIST GROUPS 1 BUFFER_POOL DEFAULT FLASH_CACHE DEFAULT CELL_FLASH_CACHE DEFAULT)
  TABLESPACE "SYSTEM" ;

   COMMENT ON COLUMN "BASEBALL"."STADIUM"."SNO" IS '구장번호';
   COMMENT ON COLUMN "BASEBALL"."STADIUM"."SNAME" IS '구장이름';
   COMMENT ON COLUMN "BASEBALL"."STADIUM"."SLOC" IS '구장주소';
   COMMENT ON TABLE "BASEBALL"."STADIUM"  IS '구장';
--------------------------------------------------------
--  DDL for Table TEAM
--------------------------------------------------------

  CREATE TABLE "BASEBALL"."TEAM" 
   (	"TNO" NUMBER(10,0), 
	"TNAME" VARCHAR2(20 BYTE), 
	"EMBLEM" VARCHAR2(500 BYTE), 
	"SNO1" NUMBER(10,0), 
	"SNO2" NUMBER(10,0), 
	"WEB1" VARCHAR2(200 BYTE), 
	"WEB2" VARCHAR2(200 BYTE), 
	"ENNAME" VARCHAR2(20 BYTE)
   ) SEGMENT CREATION IMMEDIATE 
  PCTFREE 10 PCTUSED 40 INITRANS 1 MAXTRANS 255 NOCOMPRESS LOGGING
  STORAGE(INITIAL 65536 NEXT 1048576 MINEXTENTS 1 MAXEXTENTS 2147483645
  PCTINCREASE 0 FREELISTS 1 FREELIST GROUPS 1 BUFFER_POOL DEFAULT FLASH_CACHE DEFAULT CELL_FLASH_CACHE DEFAULT)
  TABLESPACE "SYSTEM" ;

   COMMENT ON COLUMN "BASEBALL"."TEAM"."TNO" IS '구단번호';
   COMMENT ON COLUMN "BASEBALL"."TEAM"."TNAME" IS '구단이름';
   COMMENT ON COLUMN "BASEBALL"."TEAM"."EMBLEM" IS '엠블럼';
   COMMENT ON COLUMN "BASEBALL"."TEAM"."SNO1" IS '홈구장';
   COMMENT ON COLUMN "BASEBALL"."TEAM"."SNO2" IS '제2구장';
   COMMENT ON COLUMN "BASEBALL"."TEAM"."WEB1" IS '공식페이지';
   COMMENT ON COLUMN "BASEBALL"."TEAM"."WEB2" IS '예매페이지';
   COMMENT ON TABLE "BASEBALL"."TEAM"  IS '구단';
--------------------------------------------------------
--  DDL for Table TEAM_IMG
--------------------------------------------------------

  CREATE TABLE "BASEBALL"."TEAM_IMG" 
   (	"TNO" NUMBER(10,0), 
	"TIMAGE" VARCHAR2(500 BYTE), 
	"TCODE" VARCHAR2(1 BYTE)
   ) SEGMENT CREATION IMMEDIATE 
  PCTFREE 10 PCTUSED 40 INITRANS 1 MAXTRANS 255 NOCOMPRESS LOGGING
  STORAGE(INITIAL 65536 NEXT 1048576 MINEXTENTS 1 MAXEXTENTS 2147483645
  PCTINCREASE 0 FREELISTS 1 FREELIST GROUPS 1 BUFFER_POOL DEFAULT FLASH_CACHE DEFAULT CELL_FLASH_CACHE DEFAULT)
  TABLESPACE "SYSTEM" ;

   COMMENT ON COLUMN "BASEBALL"."TEAM_IMG"."TNO" IS '구단번호';
   COMMENT ON COLUMN "BASEBALL"."TEAM_IMG"."TIMAGE" IS '이미지경로';
   COMMENT ON COLUMN "BASEBALL"."TEAM_IMG"."TCODE" IS '1-4번커뮤니티용 
5번로고';
   COMMENT ON TABLE "BASEBALL"."TEAM_IMG"  IS '구단이미지';
--------------------------------------------------------
--  DDL for Table ZIPCODE
--------------------------------------------------------

  CREATE TABLE "BASEBALL"."ZIPCODE" 
   (	"ZIPCODE" VARCHAR2(7 BYTE), 
	"SIDO" VARCHAR2(20 BYTE), 
	"GUGUN" VARCHAR2(50 BYTE), 
	"DONG" VARCHAR2(50 BYTE), 
	"BUNJI" VARCHAR2(100 BYTE), 
	"SEQ" NUMBER
   ) SEGMENT CREATION IMMEDIATE 
  PCTFREE 10 PCTUSED 40 INITRANS 1 MAXTRANS 255 NOCOMPRESS LOGGING
  STORAGE(INITIAL 65536 NEXT 1048576 MINEXTENTS 1 MAXEXTENTS 2147483645
  PCTINCREASE 0 FREELISTS 1 FREELIST GROUPS 1 BUFFER_POOL DEFAULT FLASH_CACHE DEFAULT CELL_FLASH_CACHE DEFAULT)
  TABLESPACE "SYSTEM" ;

   COMMENT ON COLUMN "BASEBALL"."ZIPCODE"."ZIPCODE" IS '우편번호';
   COMMENT ON COLUMN "BASEBALL"."ZIPCODE"."SIDO" IS '시도';
   COMMENT ON COLUMN "BASEBALL"."ZIPCODE"."GUGUN" IS '구군';
   COMMENT ON COLUMN "BASEBALL"."ZIPCODE"."DONG" IS '동';
   COMMENT ON COLUMN "BASEBALL"."ZIPCODE"."BUNJI" IS '번지';
   COMMENT ON COLUMN "BASEBALL"."ZIPCODE"."SEQ" IS '번호';
   COMMENT ON TABLE "BASEBALL"."ZIPCODE"  IS '우편주소';
--------------------------------------------------------
--  DDL for Sequence AUCTION_SEQ
--------------------------------------------------------

   CREATE SEQUENCE  "BASEBALL"."AUCTION_SEQ"  MINVALUE 1 MAXVALUE 9999999999999999999999999999 INCREMENT BY 1 START WITH 1 CACHE 20 NOORDER  NOCYCLE ;
--------------------------------------------------------
--  DDL for Sequence BOARD_SEQ
--------------------------------------------------------

   CREATE SEQUENCE  "BASEBALL"."BOARD_SEQ"  MINVALUE 1 MAXVALUE 9999999999999999999999999999 INCREMENT BY 1 START WITH 121 CACHE 20 NOORDER  NOCYCLE ;
--------------------------------------------------------
--  DDL for Sequence MEMBER_SEQ
--------------------------------------------------------

   CREATE SEQUENCE  "BASEBALL"."MEMBER_SEQ"  MINVALUE 1 MAXVALUE 9999999999999999999999999999 INCREMENT BY 1 START WITH 1 CACHE 20 NOORDER  NOCYCLE ;
--------------------------------------------------------
--  DDL for Sequence NEWS_SEQ
--------------------------------------------------------

   CREATE SEQUENCE  "BASEBALL"."NEWS_SEQ"  MINVALUE 1 MAXVALUE 9999999999999999999999999999 INCREMENT BY 1 START WITH 1 CACHE 20 NOORDER  NOCYCLE ;
--------------------------------------------------------
--  DDL for Sequence NOTICE_SEQ
--------------------------------------------------------

   CREATE SEQUENCE  "BASEBALL"."NOTICE_SEQ"  MINVALUE 1 MAXVALUE 9999999999999999999999999999 INCREMENT BY 1 START WITH 81 CACHE 20 NOORDER  NOCYCLE ;
--------------------------------------------------------
--  DDL for Sequence PICTURE_SEQ
--------------------------------------------------------

   CREATE SEQUENCE  "BASEBALL"."PICTURE_SEQ"  MINVALUE 1 MAXVALUE 9999999999999999999999999999 INCREMENT BY 1 START WITH 1 CACHE 20 NOORDER  NOCYCLE ;
--------------------------------------------------------
--  DDL for Sequence REPLY_SEQ
--------------------------------------------------------

   CREATE SEQUENCE  "BASEBALL"."REPLY_SEQ"  MINVALUE 1 MAXVALUE 9999999999999999999999999999 INCREMENT BY 1 START WITH 81 CACHE 20 NOORDER  NOCYCLE ;
REM INSERTING into BASEBALL.AUCTION
SET DEFINE OFF;
Insert into BASEBALL.AUCTION (ANO,ANAME,STARTTIME,ENDTIME,MID,INITPRICE,CATEGORY1,CATEGORY2,ASTATUS,ACOUNT,TNO) values (1,'기아 유니폼 상의',to_date('17/03/03 11:11:11','RR/MM/DD HH24:MI:SS'),to_date('18/02/08 00:00:00','RR/MM/DD HH24:MI:SS'),'aa',1000,1,1,'1',60,1);
Insert into BASEBALL.AUCTION (ANO,ANAME,STARTTIME,ENDTIME,MID,INITPRICE,CATEGORY1,CATEGORY2,ASTATUS,ACOUNT,TNO) values (2,'엔씨 유니폼 상의',to_date('17/04/04 11:11:11','RR/MM/DD HH24:MI:SS'),to_date('18/02/11 00:00:00','RR/MM/DD HH24:MI:SS'),'aa',1000,1,1,'1',157,4);
Insert into BASEBALL.AUCTION (ANO,ANAME,STARTTIME,ENDTIME,MID,INITPRICE,CATEGORY1,CATEGORY2,ASTATUS,ACOUNT,TNO) values (3,'엘지 유니폼 상의',to_date('17/05/05 11:11:11','RR/MM/DD HH24:MI:SS'),to_date('18/02/12 00:00:00','RR/MM/DD HH24:MI:SS'),'bb',1000,1,1,'1',159,6);
Insert into BASEBALL.AUCTION (ANO,ANAME,STARTTIME,ENDTIME,MID,INITPRICE,CATEGORY1,CATEGORY2,ASTATUS,ACOUNT,TNO) values (4,'두산 유니폼 상의',to_date('17/06/06 11:11:11','RR/MM/DD HH24:MI:SS'),to_date('18/02/14 00:00:00','RR/MM/DD HH24:MI:SS'),'bb',1000,1,1,'1',216,2);
Insert into BASEBALL.AUCTION (ANO,ANAME,STARTTIME,ENDTIME,MID,INITPRICE,CATEGORY1,CATEGORY2,ASTATUS,ACOUNT,TNO) values (5,'롯데 유니폼 상의',to_date('17/07/07 11:11:11','RR/MM/DD HH24:MI:SS'),to_date('18/02/16 00:00:00','RR/MM/DD HH24:MI:SS'),'cc',1000,1,1,'1',254,3);
Insert into BASEBALL.AUCTION (ANO,ANAME,STARTTIME,ENDTIME,MID,INITPRICE,CATEGORY1,CATEGORY2,ASTATUS,ACOUNT,TNO) values (6,'넥센 유니폼 상의',to_date('17/08/08 11:11:11','RR/MM/DD HH24:MI:SS'),to_date('18/02/27 00:00:00','RR/MM/DD HH24:MI:SS'),'cc',2000,1,1,'1',301,7);
Insert into BASEBALL.AUCTION (ANO,ANAME,STARTTIME,ENDTIME,MID,INITPRICE,CATEGORY1,CATEGORY2,ASTATUS,ACOUNT,TNO) values (7,'한화 유니폼 상의',to_date('17/09/09 11:11:11','RR/MM/DD HH24:MI:SS'),to_date('18/02/28 00:00:00','RR/MM/DD HH24:MI:SS'),'dd',2000,1,1,'1',307,8);
Insert into BASEBALL.AUCTION (ANO,ANAME,STARTTIME,ENDTIME,MID,INITPRICE,CATEGORY1,CATEGORY2,ASTATUS,ACOUNT,TNO) values (8,'케이티 유니폼 상의',to_date('17/10/10 11:11:11','RR/MM/DD HH24:MI:SS'),to_date('18/02/15 00:00:00','RR/MM/DD HH24:MI:SS'),'dd',2000,1,1,'1',219,10);
Insert into BASEBALL.AUCTION (ANO,ANAME,STARTTIME,ENDTIME,MID,INITPRICE,CATEGORY1,CATEGORY2,ASTATUS,ACOUNT,TNO) values (9,'삼성 유니폼 하의',to_date('17/11/11 11:11:11','RR/MM/DD HH24:MI:SS'),to_date('18/02/13 00:00:00','RR/MM/DD HH24:MI:SS'),'ee',2000,1,2,'1',216,1);
Insert into BASEBALL.AUCTION (ANO,ANAME,STARTTIME,ENDTIME,MID,INITPRICE,CATEGORY1,CATEGORY2,ASTATUS,ACOUNT,TNO) values (10,'SK 유니폼 하의',to_date('17/12/12 11:11:11','RR/MM/DD HH24:MI:SS'),to_date('18/02/10 00:00:00','RR/MM/DD HH24:MI:SS'),'ee',2000,1,2,'1',109,6);
Insert into BASEBALL.AUCTION (ANO,ANAME,STARTTIME,ENDTIME,MID,INITPRICE,CATEGORY1,CATEGORY2,ASTATUS,ACOUNT,TNO) values (11,'기아 유니폼 하의',to_date('17/11/15 11:11:11','RR/MM/DD HH24:MI:SS'),to_date('18/02/06 00:00:00','RR/MM/DD HH24:MI:SS'),'aa',1000,1,2,'1',56,1);
Insert into BASEBALL.AUCTION (ANO,ANAME,STARTTIME,ENDTIME,MID,INITPRICE,CATEGORY1,CATEGORY2,ASTATUS,ACOUNT,TNO) values (12,'엔씨 유니폼 하의',to_date('17/11/16 11:11:11','RR/MM/DD HH24:MI:SS'),to_date('18/02/04 00:00:00','RR/MM/DD HH24:MI:SS'),'aa',1000,1,2,'1',41,4);
Insert into BASEBALL.AUCTION (ANO,ANAME,STARTTIME,ENDTIME,MID,INITPRICE,CATEGORY1,CATEGORY2,ASTATUS,ACOUNT,TNO) values (13,'엘지 유니폼 하의',to_date('17/11/15 11:11:11','RR/MM/DD HH24:MI:SS'),to_date('18/02/05 00:00:00','RR/MM/DD HH24:MI:SS'),'bb',1000,1,2,'1',51,6);
Insert into BASEBALL.AUCTION (ANO,ANAME,STARTTIME,ENDTIME,MID,INITPRICE,CATEGORY1,CATEGORY2,ASTATUS,ACOUNT,TNO) values (14,'두산 유니폼 하의',to_date('17/11/14 11:11:11','RR/MM/DD HH24:MI:SS'),to_date('18/02/07 00:00:00','RR/MM/DD HH24:MI:SS'),'bb',1000,1,2,'1',60,2);
Insert into BASEBALL.AUCTION (ANO,ANAME,STARTTIME,ENDTIME,MID,INITPRICE,CATEGORY1,CATEGORY2,ASTATUS,ACOUNT,TNO) values (15,'롯데 유니폼 하의',to_date('17/11/17 11:11:11','RR/MM/DD HH24:MI:SS'),to_date('18/02/09 00:00:00','RR/MM/DD HH24:MI:SS'),'cc',1000,1,2,'1',93,3);
Insert into BASEBALL.AUCTION (ANO,ANAME,STARTTIME,ENDTIME,MID,INITPRICE,CATEGORY1,CATEGORY2,ASTATUS,ACOUNT,TNO) values (16,'넥센 유니폼 하의',to_date('17/11/21 19:09:06','RR/MM/DD HH24:MI:SS'),to_date('18/02/04 00:00:00','RR/MM/DD HH24:MI:SS'),'cc',2000,1,2,'1',5,7);
Insert into BASEBALL.AUCTION (ANO,ANAME,STARTTIME,ENDTIME,MID,INITPRICE,CATEGORY1,CATEGORY2,ASTATUS,ACOUNT,TNO) values (17,'한화 유니폼 하의',to_date('17/11/21 19:09:06','RR/MM/DD HH24:MI:SS'),to_date('18/02/01 00:00:00','RR/MM/DD HH24:MI:SS'),'dd',2000,1,2,'1',2,8);
Insert into BASEBALL.AUCTION (ANO,ANAME,STARTTIME,ENDTIME,MID,INITPRICE,CATEGORY1,CATEGORY2,ASTATUS,ACOUNT,TNO) values (18,'케이티 유니폼 하의',to_date('17/11/21 19:09:06','RR/MM/DD HH24:MI:SS'),to_date('18/02/03 00:00:00','RR/MM/DD HH24:MI:SS'),'dd',2000,1,2,'1',0,10);
Insert into BASEBALL.AUCTION (ANO,ANAME,STARTTIME,ENDTIME,MID,INITPRICE,CATEGORY1,CATEGORY2,ASTATUS,ACOUNT,TNO) values (19,'삼성 유니폼 상의',to_date('17/11/21 19:09:06','RR/MM/DD HH24:MI:SS'),to_date('18/01/30 00:00:00','RR/MM/DD HH24:MI:SS'),'ee',2000,1,1,'2',0,1);
Insert into BASEBALL.AUCTION (ANO,ANAME,STARTTIME,ENDTIME,MID,INITPRICE,CATEGORY1,CATEGORY2,ASTATUS,ACOUNT,TNO) values (20,' SK유니폼 상의',to_date('17/11/21 19:09:06','RR/MM/DD HH24:MI:SS'),to_date('18/02/17 00:00:00','RR/MM/DD HH24:MI:SS'),'ee',2000,1,1,'1',286,6);
REM INSERTING into BASEBALL.AUCTION_DETAIL
SET DEFINE OFF;
Insert into BASEBALL.AUCTION_DETAIL (ANO,MID,BIDPRICE,BIDDATE) values (7,'hanwha',5000,to_date('18/01/31 15:42:22','RR/MM/DD HH24:MI:SS'));
Insert into BASEBALL.AUCTION_DETAIL (ANO,MID,BIDPRICE,BIDDATE) values (17,'hanwha',7000,to_date('18/01/31 15:44:14','RR/MM/DD HH24:MI:SS'));
Insert into BASEBALL.AUCTION_DETAIL (ANO,MID,BIDPRICE,BIDDATE) values (17,'hanwha',8000,to_date('18/01/31 15:45:32','RR/MM/DD HH24:MI:SS'));
Insert into BASEBALL.AUCTION_DETAIL (ANO,MID,BIDPRICE,BIDDATE) values (8,'aa',4000,to_date('18/01/31 15:47:29','RR/MM/DD HH24:MI:SS'));
Insert into BASEBALL.AUCTION_DETAIL (ANO,MID,BIDPRICE,BIDDATE) values (7,'aa',6000,to_date('18/01/31 15:52:05','RR/MM/DD HH24:MI:SS'));
Insert into BASEBALL.AUCTION_DETAIL (ANO,MID,BIDPRICE,BIDDATE) values (20,'dd',7000,to_date('18/01/08 00:00:00','RR/MM/DD HH24:MI:SS'));
Insert into BASEBALL.AUCTION_DETAIL (ANO,MID,BIDPRICE,BIDDATE) values (20,'ee',8000,to_date('18/01/09 00:00:00','RR/MM/DD HH24:MI:SS'));
Insert into BASEBALL.AUCTION_DETAIL (ANO,MID,BIDPRICE,BIDDATE) values (20,'ff',9000,to_date('18/01/10 00:00:00','RR/MM/DD HH24:MI:SS'));
Insert into BASEBALL.AUCTION_DETAIL (ANO,MID,BIDPRICE,BIDDATE) values (20,'aa',11114,to_date('18/01/18 15:19:28','RR/MM/DD HH24:MI:SS'));
Insert into BASEBALL.AUCTION_DETAIL (ANO,MID,BIDPRICE,BIDDATE) values (8,'aa',2100,to_date('18/01/18 15:20:35','RR/MM/DD HH24:MI:SS'));
Insert into BASEBALL.AUCTION_DETAIL (ANO,MID,BIDPRICE,BIDDATE) values (20,'aa',11115,to_date('18/01/24 17:24:35','RR/MM/DD HH24:MI:SS'));
Insert into BASEBALL.AUCTION_DETAIL (ANO,MID,BIDPRICE,BIDDATE) values (20,'aa',11111,to_date('18/01/18 14:50:44','RR/MM/DD HH24:MI:SS'));
Insert into BASEBALL.AUCTION_DETAIL (ANO,MID,BIDPRICE,BIDDATE) values (20,'aa',11112,to_date('18/01/18 14:57:11','RR/MM/DD HH24:MI:SS'));
Insert into BASEBALL.AUCTION_DETAIL (ANO,MID,BIDPRICE,BIDDATE) values (20,'aa',120000,to_date('18/01/31 13:29:19','RR/MM/DD HH24:MI:SS'));
Insert into BASEBALL.AUCTION_DETAIL (ANO,MID,BIDPRICE,BIDDATE) values (20,'aa',121000,to_date('18/01/31 14:33:51','RR/MM/DD HH24:MI:SS'));
Insert into BASEBALL.AUCTION_DETAIL (ANO,MID,BIDPRICE,BIDDATE) values (20,'aa',111111,to_date('18/01/26 16:37:56','RR/MM/DD HH24:MI:SS'));
Insert into BASEBALL.AUCTION_DETAIL (ANO,MID,BIDPRICE,BIDDATE) values (20,'aa',111111,to_date('18/01/26 16:32:13','RR/MM/DD HH24:MI:SS'));
Insert into BASEBALL.AUCTION_DETAIL (ANO,MID,BIDPRICE,BIDDATE) values (20,'aa',111111,to_date('18/01/26 16:36:42','RR/MM/DD HH24:MI:SS'));
Insert into BASEBALL.AUCTION_DETAIL (ANO,MID,BIDPRICE,BIDDATE) values (20,'aa',111111,to_date('18/01/26 16:37:59','RR/MM/DD HH24:MI:SS'));
Insert into BASEBALL.AUCTION_DETAIL (ANO,MID,BIDPRICE,BIDDATE) values (20,'aa',111111,to_date('18/01/26 16:38:04','RR/MM/DD HH24:MI:SS'));
Insert into BASEBALL.AUCTION_DETAIL (ANO,MID,BIDPRICE,BIDDATE) values (19,'dd',7000,to_date('17/11/26 11:11:11','RR/MM/DD HH24:MI:SS'));
Insert into BASEBALL.AUCTION_DETAIL (ANO,MID,BIDPRICE,BIDDATE) values (20,'aa',2000,to_date('17/11/23 11:11:11','RR/MM/DD HH24:MI:SS'));
Insert into BASEBALL.AUCTION_DETAIL (ANO,MID,BIDPRICE,BIDDATE) values (20,'aa',3000,to_date('17/11/24 11:11:11','RR/MM/DD HH24:MI:SS'));
Insert into BASEBALL.AUCTION_DETAIL (ANO,MID,BIDPRICE,BIDDATE) values (20,'bb',4000,to_date('17/11/25 11:11:11','RR/MM/DD HH24:MI:SS'));
Insert into BASEBALL.AUCTION_DETAIL (ANO,MID,BIDPRICE,BIDDATE) values (20,'bb',5000,to_date('17/11/25 12:11:11','RR/MM/DD HH24:MI:SS'));
Insert into BASEBALL.AUCTION_DETAIL (ANO,MID,BIDPRICE,BIDDATE) values (20,'cc',6000,to_date('17/11/26 11:11:11','RR/MM/DD HH24:MI:SS'));
Insert into BASEBALL.AUCTION_DETAIL (ANO,MID,BIDPRICE,BIDDATE) values (19,'dd',3000,to_date('17/11/22 11:11:11','RR/MM/DD HH24:MI:SS'));
Insert into BASEBALL.AUCTION_DETAIL (ANO,MID,BIDPRICE,BIDDATE) values (19,'dd',4000,to_date('17/11/23 11:11:11','RR/MM/DD HH24:MI:SS'));
Insert into BASEBALL.AUCTION_DETAIL (ANO,MID,BIDPRICE,BIDDATE) values (19,'cc',5000,to_date('17/11/24 11:11:11','RR/MM/DD HH24:MI:SS'));
Insert into BASEBALL.AUCTION_DETAIL (ANO,MID,BIDPRICE,BIDDATE) values (19,'bb',6000,to_date('17/11/25 11:11:11','RR/MM/DD HH24:MI:SS'));
Insert into BASEBALL.AUCTION_DETAIL (ANO,MID,BIDPRICE,BIDDATE) values (15,'dd',7000,to_date('17/12/05 11:11:11','RR/MM/DD HH24:MI:SS'));
Insert into BASEBALL.AUCTION_DETAIL (ANO,MID,BIDPRICE,BIDDATE) values (15,'aa',2000,to_date('17/12/04 11:11:11','RR/MM/DD HH24:MI:SS'));
Insert into BASEBALL.AUCTION_DETAIL (ANO,MID,BIDPRICE,BIDDATE) values (16,'aa',3000,to_date('17/12/03 11:11:11','RR/MM/DD HH24:MI:SS'));
Insert into BASEBALL.AUCTION_DETAIL (ANO,MID,BIDPRICE,BIDDATE) values (16,'bb',4000,to_date('17/12/02 11:11:11','RR/MM/DD HH24:MI:SS'));
Insert into BASEBALL.AUCTION_DETAIL (ANO,MID,BIDPRICE,BIDDATE) values (17,'bb',5000,to_date('17/12/01 12:11:11','RR/MM/DD HH24:MI:SS'));
Insert into BASEBALL.AUCTION_DETAIL (ANO,MID,BIDPRICE,BIDDATE) values (17,'cc',6000,to_date('17/12/02 11:11:11','RR/MM/DD HH24:MI:SS'));
Insert into BASEBALL.AUCTION_DETAIL (ANO,MID,BIDPRICE,BIDDATE) values (18,'dd',3000,to_date('17/12/03 11:11:11','RR/MM/DD HH24:MI:SS'));
Insert into BASEBALL.AUCTION_DETAIL (ANO,MID,BIDPRICE,BIDDATE) values (18,'dd',4000,to_date('17/12/05 11:11:11','RR/MM/DD HH24:MI:SS'));
Insert into BASEBALL.AUCTION_DETAIL (ANO,MID,BIDPRICE,BIDDATE) values (15,'cc',5000,to_date('17/12/06 11:11:11','RR/MM/DD HH24:MI:SS'));
Insert into BASEBALL.AUCTION_DETAIL (ANO,MID,BIDPRICE,BIDDATE) values (16,'bb',6000,to_date('17/12/04 11:11:11','RR/MM/DD HH24:MI:SS'));
Insert into BASEBALL.AUCTION_DETAIL (ANO,MID,BIDPRICE,BIDDATE) values (20,'aa',11113,to_date('18/01/18 15:00:01','RR/MM/DD HH24:MI:SS'));
REM INSERTING into BASEBALL.AUCTION_IMAGE
SET DEFINE OFF;
Insert into BASEBALL.AUCTION_IMAGE (ANO,AIMAGE) values (1,'/img/auction/kia_top.jpg');
Insert into BASEBALL.AUCTION_IMAGE (ANO,AIMAGE) values (2,'/img/auction/nc_top.jpg');
Insert into BASEBALL.AUCTION_IMAGE (ANO,AIMAGE) values (3,'/img/auction/lg_top.jpg');
Insert into BASEBALL.AUCTION_IMAGE (ANO,AIMAGE) values (4,'/img/auction/doosan_top.jpg');
Insert into BASEBALL.AUCTION_IMAGE (ANO,AIMAGE) values (5,'/img/auction/lotte_top.jpg');
Insert into BASEBALL.AUCTION_IMAGE (ANO,AIMAGE) values (6,'/img/auction/nexen_top.jpg');
Insert into BASEBALL.AUCTION_IMAGE (ANO,AIMAGE) values (7,'/img/auction/hanwha_top.jpg');
Insert into BASEBALL.AUCTION_IMAGE (ANO,AIMAGE) values (8,'/img/auction/kt_top.jpg');
Insert into BASEBALL.AUCTION_IMAGE (ANO,AIMAGE) values (9,'/img/auction/pants.jpg');
Insert into BASEBALL.AUCTION_IMAGE (ANO,AIMAGE) values (10,'/img/auction/pants.jpg');
Insert into BASEBALL.AUCTION_IMAGE (ANO,AIMAGE) values (11,'/img/auction/pants.jpg');
Insert into BASEBALL.AUCTION_IMAGE (ANO,AIMAGE) values (12,'/img/auction/pants.jpg');
Insert into BASEBALL.AUCTION_IMAGE (ANO,AIMAGE) values (13,'/img/auction/pants.jpg');
Insert into BASEBALL.AUCTION_IMAGE (ANO,AIMAGE) values (14,'/img/auction/pants.jpg');
Insert into BASEBALL.AUCTION_IMAGE (ANO,AIMAGE) values (15,'/img/auction/pants.jpg');
Insert into BASEBALL.AUCTION_IMAGE (ANO,AIMAGE) values (16,'/img/auction/pants.jpg');
Insert into BASEBALL.AUCTION_IMAGE (ANO,AIMAGE) values (17,'/img/auction/pants.jpg');
Insert into BASEBALL.AUCTION_IMAGE (ANO,AIMAGE) values (18,'/img/auction/pants.jpg');
Insert into BASEBALL.AUCTION_IMAGE (ANO,AIMAGE) values (19,'/img/auction/samsung_top.jpg');
Insert into BASEBALL.AUCTION_IMAGE (ANO,AIMAGE) values (20,'/img/auction/sk_top.jpg');
REM INSERTING into BASEBALL.AUCTION_RESULT
SET DEFINE OFF;
Insert into BASEBALL.AUCTION_RESULT (ANO,MID,FINALPRICE,RBIDDATE) values (20,'aa',11114,to_date('18/01/23 14:39:34','RR/MM/DD HH24:MI:SS'));
Insert into BASEBALL.AUCTION_RESULT (ANO,MID,FINALPRICE,RBIDDATE) values (8,'aa',2100,to_date('18/01/24 13:59:39','RR/MM/DD HH24:MI:SS'));
REM INSERTING into BASEBALL.BOARD
SET DEFINE OFF;
Insert into BASEBALL.BOARD (BNO,MID,BNAME,TNO,BCOUNT,BDATE,BSTATUS,MNAME) values (24,'hanwha','구단이 꺼려하는 니퍼트, 뒤에 있는 보라스',2,9,to_date('17/12/15 13:09:29','RR/MM/DD HH24:MI:SS'),'0','한화팬');
Insert into BASEBALL.BOARD (BNO,MID,BNAME,TNO,BCOUNT,BDATE,BSTATUS,MNAME) values (26,'hanwha','엠스플 엠피셜 선정 구단별 역대 외국인 업다운 탑10',2,3,to_date('17/12/15 13:09:32','RR/MM/DD HH24:MI:SS'),'0','한화팬');
Insert into BASEBALL.BOARD (BNO,MID,BNAME,TNO,BCOUNT,BDATE,BSTATUS,MNAME) values (27,'hanwha','NC가 김태군 군대가서 포수난이 심하다는데',2,7,to_date('17/12/15 13:09:34','RR/MM/DD HH24:MI:SS'),'0','한화팬');
Insert into BASEBALL.BOARD (BNO,MID,BNAME,TNO,BCOUNT,BDATE,BSTATUS,MNAME) values (29,'hanwha','오늘 접한 몇가지 소식입니다',2,3,to_date('17/12/15 13:09:36','RR/MM/DD HH24:MI:SS'),'0','한화팬');
Insert into BASEBALL.BOARD (BNO,MID,BNAME,TNO,BCOUNT,BDATE,BSTATUS,MNAME) values (31,'hanwha','추신수는 대단한거 같습니다.',2,0,to_date('17/12/15 13:09:39','RR/MM/DD HH24:MI:SS'),'0','한화팬');
Insert into BASEBALL.BOARD (BNO,MID,BNAME,TNO,BCOUNT,BDATE,BSTATUS,MNAME) values (33,'hanwha','김현수 잘 될까요?',2,0,to_date('17/12/15 13:09:42','RR/MM/DD HH24:MI:SS'),'0','한화팬');
Insert into BASEBALL.BOARD (BNO,MID,BNAME,TNO,BCOUNT,BDATE,BSTATUS,MNAME) values (55,'hanwha','이재곤 결혼하고 NC가군요',2,0,to_date('17/12/15 13:10:51','RR/MM/DD HH24:MI:SS'),'0','한화팬');
Insert into BASEBALL.BOARD (BNO,MID,BNAME,TNO,BCOUNT,BDATE,BSTATUS,MNAME) values (57,'hanwha','전력 보강 無 ''류중일-한용덕, 신임 감독 동병상련',2,0,to_date('17/12/15 13:10:53','RR/MM/DD HH24:MI:SS'),'0','한화팬');
Insert into BASEBALL.BOARD (BNO,MID,BNAME,TNO,BCOUNT,BDATE,BSTATUS,MNAME) values (58,'hanwha','주처는 여유롭네요. two hours ago',2,2,to_date('17/12/15 13:10:54','RR/MM/DD HH24:MI:SS'),'0','한화팬');
Insert into BASEBALL.BOARD (BNO,MID,BNAME,TNO,BCOUNT,BDATE,BSTATUS,MNAME) values (59,'hanwha','한기주 잘 던지면 눈물 날듯',2,0,to_date('17/12/15 13:10:56','RR/MM/DD HH24:MI:SS'),'0','한화팬');
Insert into BASEBALL.BOARD (BNO,MID,BNAME,TNO,BCOUNT,BDATE,BSTATUS,MNAME) values (63,'hanwha','황진수 결혼하네요',2,1,to_date('17/12/15 13:11:01','RR/MM/DD HH24:MI:SS'),'0','한화팬');
Insert into BASEBALL.BOARD (BNO,MID,BNAME,TNO,BCOUNT,BDATE,BSTATUS,MNAME) values (65,'123123','도미니카 윈터리그는 도대체 뭔데',2,33,to_date('17/12/15 13:41:12','RR/MM/DD HH24:MI:SS'),'0','12321');
Insert into BASEBALL.BOARD (BNO,MID,BNAME,TNO,BCOUNT,BDATE,BSTATUS,MNAME) values (81,'hello','[경기소식] 안양시, 부흥스포츠클럽 창립',2,19,to_date('17/12/19 16:51:35','RR/MM/DD HH24:MI:SS'),'0','하하');
Insert into BASEBALL.BOARD (BNO,MID,BNAME,TNO,BCOUNT,BDATE,BSTATUS,MNAME) values (28,'hanwha','정성훈·강영식·김경언, ''마지막 해태'' 거취는',2,0,to_date('17/12/15 13:09:35','RR/MM/DD HH24:MI:SS'),'0','한화팬');
Insert into BASEBALL.BOARD (BNO,MID,BNAME,TNO,BCOUNT,BDATE,BSTATUS,MNAME) values (62,'hanwha','기아팬인 저의 주관적인 한기주<->이영욱 트레이드의 승자',2,0,to_date('17/12/15 13:11:00','RR/MM/DD HH24:MI:SS'),'0','한화팬');
Insert into BASEBALL.BOARD (BNO,MID,BNAME,TNO,BCOUNT,BDATE,BSTATUS,MNAME) values (30,'hanwha','KBO 10개팀 역대 최고-최악의 외인은',2,0,to_date('17/12/15 13:09:38','RR/MM/DD HH24:MI:SS'),'0','한화팬');
Insert into BASEBALL.BOARD (BNO,MID,BNAME,TNO,BCOUNT,BDATE,BSTATUS,MNAME) values (32,'hanwha','2018시즌 가장 성적이 기대되는 팀은 어디인가요?',2,0,to_date('17/12/15 13:09:41','RR/MM/DD HH24:MI:SS'),'0','한화팬');
Insert into BASEBALL.BOARD (BNO,MID,BNAME,TNO,BCOUNT,BDATE,BSTATUS,MNAME) values (34,'hanwha','엘지 보호명단. 외야를 다 푼다면',2,0,to_date('17/12/15 13:09:44','RR/MM/DD HH24:MI:SS'),'0','한화팬');
Insert into BASEBALL.BOARD (BNO,MID,BNAME,TNO,BCOUNT,BDATE,BSTATUS,MNAME) values (67,'gkgk','헐 현역 메이져리거 영입.',2,20,to_date('17/12/15 13:51:04','RR/MM/DD HH24:MI:SS'),'0','모모');
Insert into BASEBALL.BOARD (BNO,MID,BNAME,TNO,BCOUNT,BDATE,BSTATUS,MNAME) values (66,'gkgk','FA 큰손’ LG트윈스, 소사 대체 선수로 리즈와 계약 조율 중',2,5,to_date('17/12/15 13:50:51','RR/MM/DD HH24:MI:SS'),'0','모모');
Insert into BASEBALL.BOARD (BNO,MID,BNAME,TNO,BCOUNT,BDATE,BSTATUS,MNAME) values (60,'hanwha','속이 꽉찬 남자',2,0,to_date('17/12/15 13:10:57','RR/MM/DD HH24:MI:SS'),'0','한화팬');
Insert into BASEBALL.BOARD (BNO,MID,BNAME,TNO,BCOUNT,BDATE,BSTATUS,MNAME) values (61,'hanwha','데리고 갈 수 있으면 데리고 가고 싶었는데',2,0,to_date('17/12/15 13:10:58','RR/MM/DD HH24:MI:SS'),'0','한화팬');
Insert into BASEBALL.BOARD (BNO,MID,BNAME,TNO,BCOUNT,BDATE,BSTATUS,MNAME) values (56,'hanwha','닉 에반스 한화어떨까요',2,0,to_date('17/12/15 13:10:52','RR/MM/DD HH24:MI:SS'),'0','한화팬');
Insert into BASEBALL.BOARD (BNO,MID,BNAME,TNO,BCOUNT,BDATE,BSTATUS,MNAME) values (54,'hanwha','옆동네는 가입하고 30일 지나야 뭐를 쓸 수 있네요',2,0,to_date('17/12/15 13:10:50','RR/MM/DD HH24:MI:SS'),'0','한화팬');
Insert into BASEBALL.BOARD (BNO,MID,BNAME,TNO,BCOUNT,BDATE,BSTATUS,MNAME) values (53,'hanwha','롯데 프런트의 행동은 전통이',2,0,to_date('17/12/15 13:10:49','RR/MM/DD HH24:MI:SS'),'0','한화팬');
REM INSERTING into BASEBALL.BOARD_REPLY
SET DEFINE OFF;
Insert into BASEBALL.BOARD_REPLY (RENO,BNO,MID,REPLYNAME,RECONTENT,RETIME) values (7,65,'123123','12321','우승프리미엄도 그렇지만..

올해 김하성은 타이틀이 없는게 아쉽죠.
그리고 김선빈이 올해 생각보다 엄청 잘해서.',to_date('17/12/15 13:41:46','RR/MM/DD HH24:MI:SS'));
Insert into BASEBALL.BOARD_REPLY (RENO,BNO,MID,REPLYNAME,RECONTENT,RETIME) values (6,65,'123123','12321','수비 핵심 
유격수 겸 4번타자

이거 무시 못하는데...',to_date('17/12/15 13:41:42','RR/MM/DD HH24:MI:SS'));
Insert into BASEBALL.BOARD_REPLY (RENO,BNO,MID,REPLYNAME,RECONTENT,RETIME) values (8,65,'123123','12321','우승팀 핵심
유격수 타격왕
이거 역시 무시 못하는데요..

김하성도 유격수 20홈런 이상 100타점 이상으로 골글 자격 충분하죠
그렇기에 둘중 누가 받아도 이상할만한 상황 아닙니다.
득표율에 문제가 있다면 있을 수 있지만요',to_date('17/12/15 13:41:53','RR/MM/DD HH24:MI:SS'));
Insert into BASEBALL.BOARD_REPLY (RENO,BNO,MID,REPLYNAME,RECONTENT,RETIME) values (9,65,'123123','12321','인기투표ㅋㅋ 골글은 예전부터 개판이였어요~',to_date('17/12/15 13:41:57','RR/MM/DD HH24:MI:SS'));
Insert into BASEBALL.BOARD_REPLY (RENO,BNO,MID,REPLYNAME,RECONTENT,RETIME) values (10,65,'123123','12321','더러워서 우승한번해야겠네요',to_date('17/12/15 13:42:03','RR/MM/DD HH24:MI:SS'));
Insert into BASEBALL.BOARD_REPLY (RENO,BNO,MID,REPLYNAME,RECONTENT,RETIME) values (11,65,'123123','12321','김하성 김선빈 둘은 war 차이 1.0도 안나기 때문에 누가 받더라도 이상하지 않습니다. (statiz기준 동률)
이상한 건 이대호, 버나디나 정도

기자들 욕하는 건 못한 사람한테 상줬을 때 하면 충분하고 상 받을만한 김선빈이 받은 걸로 까면 안된다고 봅니다.
이대호 버나디나로 까세요.
2017-12-13
18:56:28

',to_date('17/12/15 13:42:07','RR/MM/DD HH24:MI:SS'));
Insert into BASEBALL.BOARD_REPLY (RENO,BNO,MID,REPLYNAME,RECONTENT,RETIME) values (12,67,'gkgk','모모','저도 당연히 김선빈이 받을껄 예상했어요
제 말은 매년 득표율 차가 너무 크다는거를 말씀드린거 뿐입니다
리그 최초 유격수 타격왕인데 당연히 김선빈이 받죠',to_date('17/12/15 13:51:21','RR/MM/DD HH24:MI:SS'));
Insert into BASEBALL.BOARD_REPLY (RENO,BNO,MID,REPLYNAME,RECONTENT,RETIME) values (21,65,'hello','하하','스태티즈 수비 WAR는 신뢰 많이 안합니다. 그리고 그거 포함해도 차이 1.00 이내 (통상 1.00을 오차범위로 봅니다.)',to_date('17/12/19 16:49:34','RR/MM/DD HH24:MI:SS'));
Insert into BASEBALL.BOARD_REPLY (RENO,BNO,MID,REPLYNAME,RECONTENT,RETIME) values (42,65,'hanwha','한화팬','mlb에서 수비WAR 구할 때 쓰는 방식은 사람이 직접 눈으로 타구 처리를 보고 기록하는 방식인지라 돈이 많이 들어갑니다. 그럼에도 논란이 좀 있죠. 
그런데 statiz는 모든 경기 눈으로 보면서 타구처리에 관한 정밀한 기록할 만한 돈이 없어요. 그러니 그냥 타구 방향과 안타-아웃 비율/에러율만 가지고 수비 WAR를 평가하니 신뢰도가 더 낮을 수밖에 없습니다. 스태티즈의 수비 WAR 산정방법 알아보시면 공감하실 수 있을 겁니다. 
물론 시비 걸기 위해 댓글 다신 분에게 이런 말씀이 통할지 모르겠습니다만.',to_date('17/12/26 12:35:16','RR/MM/DD HH24:MI:SS'));
Insert into BASEBALL.BOARD_REPLY (RENO,BNO,MID,REPLYNAME,RECONTENT,RETIME) values (43,65,'hanwha','한화팬','신뢰도가 낮다는건 개인적인 견해일 뿐이고
두 선수간 비교용도로 쓰는 목적이면 단순지표만 갖고도 충분하죠
게다가 war에는 타격과 수비만 들어가는게 아닌데요?
그런 이유로 타격war만 본다는건 더 에바죠
너무 말도안되는 잣대로 접근을 하셨네요',to_date('17/12/26 12:35:32','RR/MM/DD HH24:MI:SS'));
Insert into BASEBALL.BOARD_REPLY (RENO,BNO,MID,REPLYNAME,RECONTENT,RETIME) values (47,67,'hanwha','한화팬','제 개인적인 견해라고 치더라도 기자가 statiz 공격 WAR를 기준으로 평가했다고 해서 비난할 거리는 아니죠.
그리고 수비 WAR에 대한 신뢰도가 훨씬 낮은 건 제 독자적인 견해 아닙니다. 야구 게시판 굴러다녀보셨으면 아실텐데요... 
수비포함하건 포함하지 않건 관계없이 김선빈-김하성은 모두 WAR의 오차범위인 1.00안쪽의 차이만을 보이고 있고 이 경우 누구를 뽑더라도 비난의 대상이 되지 않아야 함은 당연합니다. 
아마 WAR가 어떤 건지 파악을 덜 하신 것 같은데 여기저기 찾아보시면 WAR라는게 마냥 신봉하고 수능점수처럼 줄세우기하는 잣대는 아니라는 걸 알게 되실 겁니다. 줄세우기 할 때는 꽤 많은 차이가 필요하다는 게 war 만든 사람의 의견입니다.
',to_date('17/12/26 17:11:31','RR/MM/DD HH24:MI:SS'));
Insert into BASEBALL.BOARD_REPLY (RENO,BNO,MID,REPLYNAME,RECONTENT,RETIME) values (48,67,'hanwha','한화팬','WAR라는게 기본적으로 기준이 있는거라서 절대스탯이 아닙니다.
실제로 메이져리그도 보면 베이스볼레퍼런스에서 집계하는 BWAR가 있고, 팬그래프닷컴에서 집계하는 FWAR가 있죠.
전 개인적으로 안치홍-김하성, 김선빈-박민우 묶인다고 생각하는데 김선빈은 타이틀이 있으니 이해못하는건 아니라고 생각해요.
그런데 득표율은 참...김선빈과 김하성이 안치홍이랑 박민우처럼 접전까진 아니더라도 비슷하긴 해야한다고 생각하거든요.',to_date('17/12/26 17:15:52','RR/MM/DD HH24:MI:SS'));
Insert into BASEBALL.BOARD_REPLY (RENO,BNO,MID,REPLYNAME,RECONTENT,RETIME) values (62,63,'hanwha','한화팬','뭐 6년 150억이 사실이라면 협상왕님하고 비슷한 케이스죠 . 장원준이 레알 성골라인인데..',to_date('17/12/26 18:25:03','RR/MM/DD HH24:MI:SS'));
Insert into BASEBALL.BOARD_REPLY (RENO,BNO,MID,REPLYNAME,RECONTENT,RETIME) values (59,66,'hanwha','한화팬','사람사이일인데 꼭 그렇지는 않다고 생각합니다.

물론 돈이 더 중요하겠지만 협상태도가 엿같으면 돈 비슷해도 안남죠',to_date('17/12/26 17:33:06','RR/MM/DD HH24:MI:SS'));
REM INSERTING into BASEBALL.MEMBER
SET DEFINE OFF;
Insert into BASEBALL.MEMBER (MID,PASS,NAME,EMAIL1,EMAIL2,JOINDATE) values ('gksdjf','gksdjf','이한얼','gksdjf','daum.net',to_date('18/01/09 15:53:12','RR/MM/DD HH24:MI:SS'));
Insert into BASEBALL.MEMBER (MID,PASS,NAME,EMAIL1,EMAIL2,JOINDATE) values ('123123','1231','박구니','dlfdltka','kitri.re.kr',to_date('17/11/21 17:57:31','RR/MM/DD HH24:MI:SS'));
Insert into BASEBALL.MEMBER (MID,PASS,NAME,EMAIL1,EMAIL2,JOINDATE) values ('gksdjfdlek','gksdjfrla','김한얼','khe1231','kitri.re.kr',to_date('18/01/09 15:54:04','RR/MM/DD HH24:MI:SS'));
Insert into BASEBALL.MEMBER (MID,PASS,NAME,EMAIL1,EMAIL2,JOINDATE) values ('doosan12','entks11','김솔지','dslove','hanmail.net',to_date('18/01/09 15:54:56','RR/MM/DD HH24:MI:SS'));
Insert into BASEBALL.MEMBER (MID,PASS,NAME,EMAIL1,EMAIL2,JOINDATE) values ('hanpil','h1234','이한필','han1022','gmail.com',to_date('18/01/09 15:56:23','RR/MM/DD HH24:MI:SS'));
Insert into BASEBALL.MEMBER (MID,PASS,NAME,EMAIL1,EMAIL2,JOINDATE) values ('kiazzang','kia1234','김기아','kia11','naver.com',to_date('18/01/09 15:57:30','RR/MM/DD HH24:MI:SS'));
Insert into BASEBALL.MEMBER (MID,PASS,NAME,EMAIL1,EMAIL2,JOINDATE) values ('sunmin','sun1234','이선민','leesm001','lycos.co,kr',to_date('18/01/09 15:58:20','RR/MM/DD HH24:MI:SS'));
Insert into BASEBALL.MEMBER (MID,PASS,NAME,EMAIL1,EMAIL2,JOINDATE) values ('maro3636','fhaostm12','한사훈','maro3636','daum.net',to_date('18/01/09 15:59:30','RR/MM/DD HH24:MI:SS'));
Insert into BASEBALL.MEMBER (MID,PASS,NAME,EMAIL1,EMAIL2,JOINDATE) values ('zasoul','soul11','임희준','zasoul','naver.com',to_date('18/01/09 16:00:33','RR/MM/DD HH24:MI:SS'));
Insert into BASEBALL.MEMBER (MID,PASS,NAME,EMAIL1,EMAIL2,JOINDATE) values ('kimtkkk11','wlswn3412','김택균','kimtkk','naver.com',to_date('18/01/09 16:01:37','RR/MM/DD HH24:MI:SS'));
Insert into BASEBALL.MEMBER (MID,PASS,NAME,EMAIL1,EMAIL2,JOINDATE) values ('baramibunda','boram11','김재학','kjh1227','hanmail.net',to_date('18/01/09 16:02:39','RR/MM/DD HH24:MI:SS'));
Insert into BASEBALL.MEMBER (MID,PASS,NAME,EMAIL1,EMAIL2,JOINDATE) values ('jo0sun','sunjo001','조영선','jojosun','naver.com',to_date('18/01/09 16:03:37','RR/MM/DD HH24:MI:SS'));
Insert into BASEBALL.MEMBER (MID,PASS,NAME,EMAIL1,EMAIL2,JOINDATE) values ('jojigood','ghgh1234','조지호','hohoji','naver.com',to_date('18/01/09 16:04:27','RR/MM/DD HH24:MI:SS'));
Insert into BASEBALL.MEMBER (MID,PASS,NAME,EMAIL1,EMAIL2,JOINDATE) values ('jiranoodle','ramen11','라형진','jiranoo','naver.com',to_date('18/01/09 16:05:46','RR/MM/DD HH24:MI:SS'));
Insert into BASEBALL.MEMBER (MID,PASS,NAME,EMAIL1,EMAIL2,JOINDATE) values ('minsun12','minsun12','이선민','dltjsals','naver.com',to_date('18/01/09 16:06:52','RR/MM/DD HH24:MI:SS'));
Insert into BASEBALL.MEMBER (MID,PASS,NAME,EMAIL1,EMAIL2,JOINDATE) values ('jjohyo80','gywlsdl','조효진','jjohyo','daum.net',to_date('18/01/09 16:07:51','RR/MM/DD HH24:MI:SS'));
Insert into BASEBALL.MEMBER (MID,PASS,NAME,EMAIL1,EMAIL2,JOINDATE) values ('ghksrldi','ghksrldi1','민환기','ghksrl','gmail.com',to_date('18/01/09 16:08:47','RR/MM/DD HH24:MI:SS'));
Insert into BASEBALL.MEMBER (MID,PASS,NAME,EMAIL1,EMAIL2,JOINDATE) values ('sanman','1234','산만이','ismpink','daum.net',to_date('18/01/11 14:32:52','RR/MM/DD HH24:MI:SS'));
Insert into BASEBALL.MEMBER (MID,PASS,NAME,EMAIL1,EMAIL2,JOINDATE) values ('gksdjfdlek1','gksdjf','이한얼','gksdjfdlek','daum.net',to_date('18/01/22 14:58:22','RR/MM/DD HH24:MI:SS'));
Insert into BASEBALL.MEMBER (MID,PASS,NAME,EMAIL1,EMAIL2,JOINDATE) values ('hanwha','1234','한화팬',null,null,to_date('17/12/07 17:28:14','RR/MM/DD HH24:MI:SS'));
Insert into BASEBALL.MEMBER (MID,PASS,NAME,EMAIL1,EMAIL2,JOINDATE) values ('aa','1234','이강민','kitri01','naver.com',to_date('17/01/01 11:11:11','RR/MM/DD HH24:MI:SS'));
Insert into BASEBALL.MEMBER (MID,PASS,NAME,EMAIL1,EMAIL2,JOINDATE) values ('bb','1234','이한얼','kitri02','naver.com',to_date('17/02/02 11:11:11','RR/MM/DD HH24:MI:SS'));
Insert into BASEBALL.MEMBER (MID,PASS,NAME,EMAIL1,EMAIL2,JOINDATE) values ('cc','1234','이한필','kitri03','naver.com',to_date('17/03/03 11:11:11','RR/MM/DD HH24:MI:SS'));
Insert into BASEBALL.MEMBER (MID,PASS,NAME,EMAIL1,EMAIL2,JOINDATE) values ('dd','1234','이선민','kitri04','naver.com',to_date('17/04/04 11:11:11','RR/MM/DD HH24:MI:SS'));
Insert into BASEBALL.MEMBER (MID,PASS,NAME,EMAIL1,EMAIL2,JOINDATE) values ('ee','1234','김병진','kitri05','naver.com',to_date('17/05/05 11:11:11','RR/MM/DD HH24:MI:SS'));
Insert into BASEBALL.MEMBER (MID,PASS,NAME,EMAIL1,EMAIL2,JOINDATE) values ('ff','1234','최재혁','kitri06','naver.com',to_date('17/06/06 11:11:11','RR/MM/DD HH24:MI:SS'));
Insert into BASEBALL.MEMBER (MID,PASS,NAME,EMAIL1,EMAIL2,JOINDATE) values ('gg','1234','정서빈','kitri07','naver.com',to_date('17/07/07 11:11:11','RR/MM/DD HH24:MI:SS'));
Insert into BASEBALL.MEMBER (MID,PASS,NAME,EMAIL1,EMAIL2,JOINDATE) values ('hh','1234','김성한','kitri08','naver.com',to_date('17/08/08 11:11:11','RR/MM/DD HH24:MI:SS'));
Insert into BASEBALL.MEMBER (MID,PASS,NAME,EMAIL1,EMAIL2,JOINDATE) values ('ii','1234','정승호','kitri09','naver.com',to_date('17/09/09 11:11:11','RR/MM/DD HH24:MI:SS'));
Insert into BASEBALL.MEMBER (MID,PASS,NAME,EMAIL1,EMAIL2,JOINDATE) values ('jj','1234','김두호','kitri10','naver.com',to_date('17/10/10 11:11:11','RR/MM/DD HH24:MI:SS'));
Insert into BASEBALL.MEMBER (MID,PASS,NAME,EMAIL1,EMAIL2,JOINDATE) values ('gkgk','1','모모','123','naver.com',to_date('17/12/15 13:47:33','RR/MM/DD HH24:MI:SS'));
Insert into BASEBALL.MEMBER (MID,PASS,NAME,EMAIL1,EMAIL2,JOINDATE) values ('hello','12345','하하','hello','kitri.re.kr',to_date('17/12/19 16:49:02','RR/MM/DD HH24:MI:SS'));
REM INSERTING into BASEBALL.MEMBER_DETAIL
SET DEFINE OFF;
Insert into BASEBALL.MEMBER_DETAIL (MID,TEL1,TEL2,TEL3,ZIP1,ADDR1,ADDR2,TNO,ROOKIE,PENALTY,MTYPE,MSTATUS) values ('gksdjf','010','8545','2512','21525','인천 남동구 만수로 14-25 (만수동, 만수주공1단지아파트)','101 동 202호',5,0,0,'1','1');
Insert into BASEBALL.MEMBER_DETAIL (MID,TEL1,TEL2,TEL3,ZIP1,ADDR1,ADDR2,TNO,ROOKIE,PENALTY,MTYPE,MSTATUS) values ('doosan12','010','5454','8495','05503','서울 송파구 송파대로 567 (잠실동, 잠실주공아파트)','304동 1005호',2,0,0,'1','1');
Insert into BASEBALL.MEMBER_DETAIL (MID,TEL1,TEL2,TEL3,ZIP1,ADDR1,ADDR2,TNO,ROOKIE,PENALTY,MTYPE,MSTATUS) values ('gksdjfdlek','010','2152','3648','21328','인천 부평구 굴포로 105 (삼산동, 삼산타운주공아파트)','303동 507호',5,0,0,'1','1');
Insert into BASEBALL.MEMBER_DETAIL (MID,TEL1,TEL2,TEL3,ZIP1,ADDR1,ADDR2,TNO,ROOKIE,PENALTY,MTYPE,MSTATUS) values ('hanpil','010','8457','6221','06321','서울 강남구 개포로 310 (개포동, 개포주공1차아파트)','1동 405호',6,0,0,'1','1');
Insert into BASEBALL.MEMBER_DETAIL (MID,TEL1,TEL2,TEL3,ZIP1,ADDR1,ADDR2,TNO,ROOKIE,PENALTY,MTYPE,MSTATUS) values ('kiazzang','010','2155','7942','26386','강원 원주시 만대로 92 (무실동, 원주무실5주공아파트 상가)','506호',1,0,0,'1','1');
Insert into BASEBALL.MEMBER_DETAIL (MID,TEL1,TEL2,TEL3,ZIP1,ADDR1,ADDR2,TNO,ROOKIE,PENALTY,MTYPE,MSTATUS) values ('sunmin','010','2548','8444','14514','경기 부천시 도약로 177 (약대동, 두산위브 트레지움아파트 1단지 상가동)','104동 1304호',8,1000,0,'1','1');
Insert into BASEBALL.MEMBER_DETAIL (MID,TEL1,TEL2,TEL3,ZIP1,ADDR1,ADDR2,TNO,ROOKIE,PENALTY,MTYPE,MSTATUS) values ('maro3636','010','8755','5263','21650','인천 남동구 논현로 43 (논현동, 하늘마을휴먼시아3단지 상가에이동)','306동 507호',8,0,0,'1','1');
Insert into BASEBALL.MEMBER_DETAIL (MID,TEL1,TEL2,TEL3,ZIP1,ADDR1,ADDR2,TNO,ROOKIE,PENALTY,MTYPE,MSTATUS) values ('zasoul','010','2223','8545','22783','인천 서구 가정동 524-4','524-1',7,0,0,'1','1');
Insert into BASEBALL.MEMBER_DETAIL (MID,TEL1,TEL2,TEL3,ZIP1,ADDR1,ADDR2,TNO,ROOKIE,PENALTY,MTYPE,MSTATUS) values ('kimtkkk11','010','3265','3266','21523','인천 남동구 만수서로 55 (만수동, 향촌휴먼시아1단지아파트)','124동 1503호',3,0,0,'1','1');
Insert into BASEBALL.MEMBER_DETAIL (MID,TEL1,TEL2,TEL3,ZIP1,ADDR1,ADDR2,TNO,ROOKIE,PENALTY,MTYPE,MSTATUS) values ('baramibunda','010','5148','6598','21535','인천 남동구 구월남로 331 (만수동)','타운빌라 402호',10,0,0,'1','1');
Insert into BASEBALL.MEMBER_DETAIL (MID,TEL1,TEL2,TEL3,ZIP1,ADDR1,ADDR2,TNO,ROOKIE,PENALTY,MTYPE,MSTATUS) values ('jo0sun','010','3265','8447','21519','인천 남동구 서판로 22 (만수동, 산호마을아파트)','205동 1406호',9,0,0,'1','1');
Insert into BASEBALL.MEMBER_DETAIL (MID,TEL1,TEL2,TEL3,ZIP1,ADDR1,ADDR2,TNO,ROOKIE,PENALTY,MTYPE,MSTATUS) values ('jojigood','010','2568','8744','21538','인천 남동구 구월남로 344 (만수동, 성우빌라)','202호',4,0,0,'1','1');
Insert into BASEBALL.MEMBER_DETAIL (MID,TEL1,TEL2,TEL3,ZIP1,ADDR1,ADDR2,TNO,ROOKIE,PENALTY,MTYPE,MSTATUS) values ('jiranoodle','010','7894','5612','21525','인천 남동구 백범로124번길 43 (만수동, 만수주공아파트2단지)','209동 506호',7,0,0,'1','1');
Insert into BASEBALL.MEMBER_DETAIL (MID,TEL1,TEL2,TEL3,ZIP1,ADDR1,ADDR2,TNO,ROOKIE,PENALTY,MTYPE,MSTATUS) values ('minsun12','010','6251','8495','21532','인천 남동구 장수로 27 (장수동, 주공아파트)','802동 1504호',10,0,0,'1','1');
Insert into BASEBALL.MEMBER_DETAIL (MID,TEL1,TEL2,TEL3,ZIP1,ADDR1,ADDR2,TNO,ROOKIE,PENALTY,MTYPE,MSTATUS) values ('jjohyo80','010','2215','2002','21527','인천 남동구 백범로124번길 126 (만수동, 만수주공아파트)','414동 1512호',5,0,0,'1','1');
Insert into BASEBALL.MEMBER_DETAIL (MID,TEL1,TEL2,TEL3,ZIP1,ADDR1,ADDR2,TNO,ROOKIE,PENALTY,MTYPE,MSTATUS) values ('ghksrldi','010','2545','8888','21098','인천 계양구 길마로 10 (효성동, 신다우빌라)','302호',2,0,0,'1','1');
Insert into BASEBALL.MEMBER_DETAIL (MID,TEL1,TEL2,TEL3,ZIP1,ADDR1,ADDR2,TNO,ROOKIE,PENALTY,MTYPE,MSTATUS) values ('sanman','010','9507','3756','26484','강원 원주시 남원로 524 (단구동, 대림아파트)','1-1',1,0,0,'1','1');
Insert into BASEBALL.MEMBER_DETAIL (MID,TEL1,TEL2,TEL3,ZIP1,ADDR1,ADDR2,TNO,ROOKIE,PENALTY,MTYPE,MSTATUS) values ('hanwha','010','5845','5454','21525','인천 남동구 백범로 124번길 43','324동 405호',8,155010,0,'1','1');
Insert into BASEBALL.MEMBER_DETAIL (MID,TEL1,TEL2,TEL3,ZIP1,ADDR1,ADDR2,TNO,ROOKIE,PENALTY,MTYPE,MSTATUS) values ('gksdjfdlek1','010','6505','4845','21535','인천 남동구 구월남로 331 (만수동)','1231',2,0,0,'1','1');
Insert into BASEBALL.MEMBER_DETAIL (MID,TEL1,TEL2,TEL3,ZIP1,ADDR1,ADDR2,TNO,ROOKIE,PENALTY,MTYPE,MSTATUS) values ('aa','010','3265','3266','21523','인천 남동구 만수서로 55 (만수동, 향촌휴먼시아1단지아파트)','124동 1503호',3,40000,0,'1','1');
Insert into BASEBALL.MEMBER_DETAIL (MID,TEL1,TEL2,TEL3,ZIP1,ADDR1,ADDR2,TNO,ROOKIE,PENALTY,MTYPE,MSTATUS) values ('bb','010','3265','3266','21523','인천 남동구 만수서로 55 (만수동, 향촌휴먼시아1단지아파트)','124동 1503호',3,0,0,'1','1');
Insert into BASEBALL.MEMBER_DETAIL (MID,TEL1,TEL2,TEL3,ZIP1,ADDR1,ADDR2,TNO,ROOKIE,PENALTY,MTYPE,MSTATUS) values ('cc','010','3265','3266','21523','인천 남동구 만수서로 55 (만수동, 향촌휴먼시아1단지아파트)','124동 1503호',3,0,0,'1','1');
Insert into BASEBALL.MEMBER_DETAIL (MID,TEL1,TEL2,TEL3,ZIP1,ADDR1,ADDR2,TNO,ROOKIE,PENALTY,MTYPE,MSTATUS) values ('dd','010','3265','3266','21523','인천 남동구 만수서로 55 (만수동, 향촌휴먼시아1단지아파트)','124동 1503호',3,0,0,'1','1');
Insert into BASEBALL.MEMBER_DETAIL (MID,TEL1,TEL2,TEL3,ZIP1,ADDR1,ADDR2,TNO,ROOKIE,PENALTY,MTYPE,MSTATUS) values ('ee','010','3265','3266','21523','인천 남동구 만수서로 55 (만수동, 향촌휴먼시아1단지아파트)','124동 1503호',3,0,0,'1','1');
Insert into BASEBALL.MEMBER_DETAIL (MID,TEL1,TEL2,TEL3,ZIP1,ADDR1,ADDR2,TNO,ROOKIE,PENALTY,MTYPE,MSTATUS) values ('ff','010','3265','3266','21523','인천 남동구 만수서로 55 (만수동, 향촌휴먼시아1단지아파트)','124동 1503호',3,0,0,'1','1');
Insert into BASEBALL.MEMBER_DETAIL (MID,TEL1,TEL2,TEL3,ZIP1,ADDR1,ADDR2,TNO,ROOKIE,PENALTY,MTYPE,MSTATUS) values ('gg','010','3265','3266','21523','인천 남동구 만수서로 55 (만수동, 향촌휴먼시아1단지아파트)','124동 1503호',3,0,0,'1','1');
REM INSERTING into BASEBALL.NEWS
SET DEFINE OFF;
REM INSERTING into BASEBALL.NEWS_REPLY
SET DEFINE OFF;
REM INSERTING into BASEBALL.NEWS_TEAM
SET DEFINE OFF;
REM INSERTING into BASEBALL.NOTICE
SET DEFINE OFF;
Insert into BASEBALL.NOTICE (NO,SUBJECT,COUNT,WRITEDATE,NTYPE,NAME) values (10,'2018년 KBO 기록강습회 개최 공고',0,to_date('17/12/12 18:29:33','RR/MM/DD HH24:MI:SS'),1,'admin');
Insert into BASEBALL.NOTICE (NO,SUBJECT,COUNT,WRITEDATE,NTYPE,NAME) values (11,'KBO, 제 22대 정운찬 총재 취임식 개최',0,to_date('17/12/12 18:33:56','RR/MM/DD HH24:MI:SS'),1,'admin');
Insert into BASEBALL.NOTICE (NO,SUBJECT,COUNT,WRITEDATE,NTYPE,NAME) values (12,'2017년 KBO 제 4차 이사회 결과',0,to_date('17/12/12 18:35:47','RR/MM/DD HH24:MI:SS'),1,'admin');
Insert into BASEBALL.NOTICE (NO,SUBJECT,COUNT,WRITEDATE,NTYPE,NAME) values (13,'2017 KBO 2차 드래프트 결과',0,to_date('17/12/12 18:36:04','RR/MM/DD HH24:MI:SS'),1,'admin');
Insert into BASEBALL.NOTICE (NO,SUBJECT,COUNT,WRITEDATE,NTYPE,NAME) values (14,'KBO ‘2017 KBO 학부모 아카데미’ 개최',2,to_date('17/12/12 18:36:24','RR/MM/DD HH24:MI:SS'),1,'admin');
Insert into BASEBALL.NOTICE (NO,SUBJECT,COUNT,WRITEDATE,NTYPE,NAME) values (15,'아시아프로야구챔피언십(APBC) 2017’ 국가대표팀 공식 상품 출시',0,to_date('17/12/12 18:37:51','RR/MM/DD HH24:MI:SS'),1,'admin');
Insert into BASEBALL.NOTICE (NO,SUBJECT,COUNT,WRITEDATE,NTYPE,NAME) values (16,'주문취소, 교환 및 환불',1,to_date('17/12/12 18:38:03','RR/MM/DD HH24:MI:SS'),2,'admin');
Insert into BASEBALL.NOTICE (NO,SUBJECT,COUNT,WRITEDATE,NTYPE,NAME) values (17,'주문취소, 교환 및 환불
',1,to_date('17/12/12 19:11:10','RR/MM/DD HH24:MI:SS'),2,'admin');
Insert into BASEBALL.NOTICE (NO,SUBJECT,COUNT,WRITEDATE,NTYPE,NAME) values (21,'배송 기간 및 배송 방법',0,to_date('17/12/15 13:20:15','RR/MM/DD HH24:MI:SS'),2,'admin');
Insert into BASEBALL.NOTICE (NO,SUBJECT,COUNT,WRITEDATE,NTYPE,NAME) values (22,'주문확인 및 실시간 배송 조회',0,to_date('17/12/15 13:20:23','RR/MM/DD HH24:MI:SS'),2,'admin');
Insert into BASEBALL.NOTICE (NO,SUBJECT,COUNT,WRITEDATE,NTYPE,NAME) values (23,'상품주문방법',0,to_date('17/12/15 13:20:37','RR/MM/DD HH24:MI:SS'),2,'admin');
Insert into BASEBALL.NOTICE (NO,SUBJECT,COUNT,WRITEDATE,NTYPE,NAME) values (61,'공지',1,to_date('17/12/28 16:31:41','RR/MM/DD HH24:MI:SS'),1,'admin');
Insert into BASEBALL.NOTICE (NO,SUBJECT,COUNT,WRITEDATE,NTYPE,NAME) values (62,'2016년 체육발전유공자 정부포상 신청안내',0,to_date('17/12/28 16:33:48','RR/MM/DD HH24:MI:SS'),1,'admin');
Insert into BASEBALL.NOTICE (NO,SUBJECT,COUNT,WRITEDATE,NTYPE,NAME) values (63,'2015 선수등록 현황',0,to_date('17/12/28 16:34:05','RR/MM/DD HH24:MI:SS'),1,'admin');
Insert into BASEBALL.NOTICE (NO,SUBJECT,COUNT,WRITEDATE,NTYPE,NAME) values (64,'2015년 대한야구협회 예결산 공지',0,to_date('17/12/28 16:34:24','RR/MM/DD HH24:MI:SS'),1,'admin');
Insert into BASEBALL.NOTICE (NO,SUBJECT,COUNT,WRITEDATE,NTYPE,NAME) values (65,'2014년 대한야구협회협회 예결산 공지',0,to_date('17/12/28 16:35:01','RR/MM/DD HH24:MI:SS'),1,'admin');
Insert into BASEBALL.NOTICE (NO,SUBJECT,COUNT,WRITEDATE,NTYPE,NAME) values (66,'KBO 퓨처스리그 홍보 영상콘텐츠 및 중계방송 업체선정 입찰',0,to_date('17/12/28 16:52:30','RR/MM/DD HH24:MI:SS'),1,'admin');
Insert into BASEBALL.NOTICE (NO,SUBJECT,COUNT,WRITEDATE,NTYPE,NAME) values (67,'2017 KBO 주요행사 운영 대행업체 선정 입찰 공고',0,to_date('17/12/28 16:53:03','RR/MM/DD HH24:MI:SS'),1,'admin');
Insert into BASEBALL.NOTICE (NO,SUBJECT,COUNT,WRITEDATE,NTYPE,NAME) values (68,'잠실야구장 대중교통 이용 및 불법 주정차 단속 안내',0,to_date('17/12/28 16:53:26','RR/MM/DD HH24:MI:SS'),1,'admin');
Insert into BASEBALL.NOTICE (NO,SUBJECT,COUNT,WRITEDATE,NTYPE,NAME) values (69,'장터 사기 주의 및 장터 이용 안내',0,to_date('17/12/28 16:56:22','RR/MM/DD HH24:MI:SS'),2,'admin');
Insert into BASEBALL.NOTICE (NO,SUBJECT,COUNT,WRITEDATE,NTYPE,NAME) values (70,'[알림] 해킹으로 인한 사이트 접속 불안 및 느려지는 현상 발생',0,to_date('17/12/28 16:56:37','RR/MM/DD HH24:MI:SS'),2,'admin');
Insert into BASEBALL.NOTICE (NO,SUBJECT,COUNT,WRITEDATE,NTYPE,NAME) values (71,'서버 점검중입니다.',0,to_date('17/12/28 16:57:39','RR/MM/DD HH24:MI:SS'),1,'admin');
Insert into BASEBALL.NOTICE (NO,SUBJECT,COUNT,WRITEDATE,NTYPE,NAME) values (72,'카스포인트 어워즈, 야구용품 경매',0,to_date('17/12/28 16:59:53','RR/MM/DD HH24:MI:SS'),2,'admin');
Insert into BASEBALL.NOTICE (NO,SUBJECT,COUNT,WRITEDATE,NTYPE,NAME) values (73,'KIA ''차영화 코치 돕기'' 일일호프·사인회·경매 성황',0,to_date('17/12/28 17:00:16','RR/MM/DD HH24:MI:SS'),1,'admin');
Insert into BASEBALL.NOTICE (NO,SUBJECT,COUNT,WRITEDATE,NTYPE,NAME) values (74,'판매자와 반품에 대해 협의가 되지 않아요. 어떻게 해야 하나요?',1,to_date('17/12/28 17:01:21','RR/MM/DD HH24:MI:SS'),1,'admin');
Insert into BASEBALL.NOTICE (NO,SUBJECT,COUNT,WRITEDATE,NTYPE,NAME) values (75,'상품 구매는 어떻게 하나요?',0,to_date('17/12/28 17:01:52','RR/MM/DD HH24:MI:SS'),1,'admin');
REM INSERTING into BASEBALL.NOTICE_TYPE
SET DEFINE OFF;
Insert into BASEBALL.NOTICE_TYPE (NTYPE,NNAME) values (1,'일반공지');
Insert into BASEBALL.NOTICE_TYPE (NTYPE,NNAME) values (2,'경매공지');
Insert into BASEBALL.NOTICE_TYPE (NTYPE,NNAME) values (3,'답변게시판');
REM INSERTING into BASEBALL.PICTURE
SET DEFINE OFF;
REM INSERTING into BASEBALL.PLAN
SET DEFINE OFF;
Insert into BASEBALL.PLAN (TNO1,TNO2,SNO,PLAYDATE,SCORE1,SCORE2,PSTATUS) values (5,9,3,to_date('17/08/31 18:30:00','RR/MM/DD HH24:MI:SS'),5,4,'2');
Insert into BASEBALL.PLAN (TNO1,TNO2,SNO,PLAYDATE,SCORE1,SCORE2,PSTATUS) values (8,10,4,to_date('17/08/31 18:30:00','RR/MM/DD HH24:MI:SS'),10,1,'2');
Insert into BASEBALL.PLAN (TNO1,TNO2,SNO,PLAYDATE,SCORE1,SCORE2,PSTATUS) values (1,2,6,to_date('17/08/31 18:30:00','RR/MM/DD HH24:MI:SS'),9,4,'2');
Insert into BASEBALL.PLAN (TNO1,TNO2,SNO,PLAYDATE,SCORE1,SCORE2,PSTATUS) values (3,4,7,to_date('17/08/31 18:30:00','RR/MM/DD HH24:MI:SS'),8,5,'2');
Insert into BASEBALL.PLAN (TNO1,TNO2,SNO,PLAYDATE,SCORE1,SCORE2,PSTATUS) values (6,7,2,to_date('17/09/01 18:30:00','RR/MM/DD HH24:MI:SS'),6,2,'2');
Insert into BASEBALL.PLAN (TNO1,TNO2,SNO,PLAYDATE,SCORE1,SCORE2,PSTATUS) values (5,9,3,to_date('17/09/01 18:30:00','RR/MM/DD HH24:MI:SS'),8,7,'2');
Insert into BASEBALL.PLAN (TNO1,TNO2,SNO,PLAYDATE,SCORE1,SCORE2,PSTATUS) values (8,10,4,to_date('17/09/01 18:30:00','RR/MM/DD HH24:MI:SS'),1,6,'2');
Insert into BASEBALL.PLAN (TNO1,TNO2,SNO,PLAYDATE,SCORE1,SCORE2,PSTATUS) values (1,2,6,to_date('17/09/01 18:30:00','RR/MM/DD HH24:MI:SS'),5,3,'2');
Insert into BASEBALL.PLAN (TNO1,TNO2,SNO,PLAYDATE,SCORE1,SCORE2,PSTATUS) values (3,4,7,to_date('17/09/01 18:30:00','RR/MM/DD HH24:MI:SS'),6,1,'2');
Insert into BASEBALL.PLAN (TNO1,TNO2,SNO,PLAYDATE,SCORE1,SCORE2,PSTATUS) values (7,1,1,to_date('17/09/02 17:00:00','RR/MM/DD HH24:MI:SS'),4,7,'2');
Insert into BASEBALL.PLAN (TNO1,TNO2,SNO,PLAYDATE,SCORE1,SCORE2,PSTATUS) values (2,9,2,to_date('17/09/02 17:00:00','RR/MM/DD HH24:MI:SS'),2,3,'2');
Insert into BASEBALL.PLAN (TNO1,TNO2,SNO,PLAYDATE,SCORE1,SCORE2,PSTATUS) values (3,8,7,to_date('17/09/02 17:00:00','RR/MM/DD HH24:MI:SS'),9,0,'2');
Insert into BASEBALL.PLAN (TNO1,TNO2,SNO,PLAYDATE,SCORE1,SCORE2,PSTATUS) values (4,6,9,to_date('17/09/02 17:00:00','RR/MM/DD HH24:MI:SS'),6,0,'2');
Insert into BASEBALL.PLAN (TNO1,TNO2,SNO,PLAYDATE,SCORE1,SCORE2,PSTATUS) values (10,5,8,to_date('17/09/02 17:00:00','RR/MM/DD HH24:MI:SS'),7,15,'2');
Insert into BASEBALL.PLAN (TNO1,TNO2,SNO,PLAYDATE,SCORE1,SCORE2,PSTATUS) values (7,1,1,to_date('17/09/03 14:00:00','RR/MM/DD HH24:MI:SS'),8,7,'2');
Insert into BASEBALL.PLAN (TNO1,TNO2,SNO,PLAYDATE,SCORE1,SCORE2,PSTATUS) values (2,9,2,to_date('17/09/03 14:00:00','RR/MM/DD HH24:MI:SS'),7,1,'2');
Insert into BASEBALL.PLAN (TNO1,TNO2,SNO,PLAYDATE,SCORE1,SCORE2,PSTATUS) values (3,8,7,to_date('17/09/03 14:00:00','RR/MM/DD HH24:MI:SS'),7,2,'2');
Insert into BASEBALL.PLAN (TNO1,TNO2,SNO,PLAYDATE,SCORE1,SCORE2,PSTATUS) values (4,6,9,to_date('17/09/03 14:00:00','RR/MM/DD HH24:MI:SS'),5,0,'2');
Insert into BASEBALL.PLAN (TNO1,TNO2,SNO,PLAYDATE,SCORE1,SCORE2,PSTATUS) values (10,5,8,to_date('17/09/03 14:00:00','RR/MM/DD HH24:MI:SS'),13,5,'2');
Insert into BASEBALL.PLAN (TNO1,TNO2,SNO,PLAYDATE,SCORE1,SCORE2,PSTATUS) values (6,1,2,to_date('17/09/05 18:30:00','RR/MM/DD HH24:MI:SS'),4,3,'2');
Insert into BASEBALL.PLAN (TNO1,TNO2,SNO,PLAYDATE,SCORE1,SCORE2,PSTATUS) values (5,3,3,to_date('17/09/05 18:30:00','RR/MM/DD HH24:MI:SS'),6,2,'2');
Insert into BASEBALL.PLAN (TNO1,TNO2,SNO,PLAYDATE,SCORE1,SCORE2,PSTATUS) values (8,2,4,to_date('17/09/05 18:30:00','RR/MM/DD HH24:MI:SS'),6,4,'2');
Insert into BASEBALL.PLAN (TNO1,TNO2,SNO,PLAYDATE,SCORE1,SCORE2,PSTATUS) values (9,4,5,to_date('17/09/05 18:30:00','RR/MM/DD HH24:MI:SS'),9,3,'2');
Insert into BASEBALL.PLAN (TNO1,TNO2,SNO,PLAYDATE,SCORE1,SCORE2,PSTATUS) values (10,7,8,to_date('17/09/05 18:30:00','RR/MM/DD HH24:MI:SS'),5,1,'2');
Insert into BASEBALL.PLAN (TNO1,TNO2,SNO,PLAYDATE,SCORE1,SCORE2,PSTATUS) values (6,1,2,to_date('17/09/06 18:30:00','RR/MM/DD HH24:MI:SS'),6,0,'2');
Insert into BASEBALL.PLAN (TNO1,TNO2,SNO,PLAYDATE,SCORE1,SCORE2,PSTATUS) values (5,3,3,to_date('17/09/06 18:30:00','RR/MM/DD HH24:MI:SS'),null,null,'3');
Insert into BASEBALL.PLAN (TNO1,TNO2,SNO,PLAYDATE,SCORE1,SCORE2,PSTATUS) values (8,2,4,to_date('17/09/06 18:30:00','RR/MM/DD HH24:MI:SS'),9,13,'2');
Insert into BASEBALL.PLAN (TNO1,TNO2,SNO,PLAYDATE,SCORE1,SCORE2,PSTATUS) values (9,4,5,to_date('17/09/06 18:30:00','RR/MM/DD HH24:MI:SS'),null,null,'3');
Insert into BASEBALL.PLAN (TNO1,TNO2,SNO,PLAYDATE,SCORE1,SCORE2,PSTATUS) values (10,7,8,to_date('17/09/06 18:30:00','RR/MM/DD HH24:MI:SS'),5,4,'2');
Insert into BASEBALL.PLAN (TNO1,TNO2,SNO,PLAYDATE,SCORE1,SCORE2,PSTATUS) values (7,6,1,to_date('17/09/07 18:30:00','RR/MM/DD HH24:MI:SS'),1,1,'2');
Insert into BASEBALL.PLAN (TNO1,TNO2,SNO,PLAYDATE,SCORE1,SCORE2,PSTATUS) values (2,10,2,to_date('17/09/07 18:30:00','RR/MM/DD HH24:MI:SS'),3,7,'2');
Insert into BASEBALL.PLAN (TNO1,TNO2,SNO,PLAYDATE,SCORE1,SCORE2,PSTATUS) values (1,8,6,to_date('17/09/07 18:30:00','RR/MM/DD HH24:MI:SS'),2,11,'2');
Insert into BASEBALL.PLAN (TNO1,TNO2,SNO,PLAYDATE,SCORE1,SCORE2,PSTATUS) values (3,9,7,to_date('17/09/07 18:30:00','RR/MM/DD HH24:MI:SS'),5,6,'2');
Insert into BASEBALL.PLAN (TNO1,TNO2,SNO,PLAYDATE,SCORE1,SCORE2,PSTATUS) values (4,5,9,to_date('17/09/07 18:30:00','RR/MM/DD HH24:MI:SS'),4,3,'2');
Insert into BASEBALL.PLAN (TNO1,TNO2,SNO,PLAYDATE,SCORE1,SCORE2,PSTATUS) values (7,6,1,to_date('17/09/08 18:30:00','RR/MM/DD HH24:MI:SS'),9,10,'2');
Insert into BASEBALL.PLAN (TNO1,TNO2,SNO,PLAYDATE,SCORE1,SCORE2,PSTATUS) values (2,10,2,to_date('17/09/08 18:30:00','RR/MM/DD HH24:MI:SS'),3,2,'2');
Insert into BASEBALL.PLAN (TNO1,TNO2,SNO,PLAYDATE,SCORE1,SCORE2,PSTATUS) values (1,8,6,to_date('17/09/08 18:30:00','RR/MM/DD HH24:MI:SS'),9,5,'2');
Insert into BASEBALL.PLAN (TNO1,TNO2,SNO,PLAYDATE,SCORE1,SCORE2,PSTATUS) values (3,9,7,to_date('17/09/08 18:30:00','RR/MM/DD HH24:MI:SS'),6,5,'2');
Insert into BASEBALL.PLAN (TNO1,TNO2,SNO,PLAYDATE,SCORE1,SCORE2,PSTATUS) values (4,5,9,to_date('17/09/08 18:30:00','RR/MM/DD HH24:MI:SS'),4,2,'2');
Insert into BASEBALL.PLAN (TNO1,TNO2,SNO,PLAYDATE,SCORE1,SCORE2,PSTATUS) values (6,2,2,to_date('17/09/09 17:00:00','RR/MM/DD HH24:MI:SS'),4,3,'2');
Insert into BASEBALL.PLAN (TNO1,TNO2,SNO,PLAYDATE,SCORE1,SCORE2,PSTATUS) values (5,7,3,to_date('17/09/09 17:00:00','RR/MM/DD HH24:MI:SS'),2,1,'2');
Insert into BASEBALL.PLAN (TNO1,TNO2,SNO,PLAYDATE,SCORE1,SCORE2,PSTATUS) values (8,4,4,to_date('17/09/09 17:00:00','RR/MM/DD HH24:MI:SS'),6,3,'2');
Insert into BASEBALL.PLAN (TNO1,TNO2,SNO,PLAYDATE,SCORE1,SCORE2,PSTATUS) values (1,9,6,to_date('17/09/09 17:00:00','RR/MM/DD HH24:MI:SS'),6,5,'2');
Insert into BASEBALL.PLAN (TNO1,TNO2,SNO,PLAYDATE,SCORE1,SCORE2,PSTATUS) values (10,3,8,to_date('17/09/09 17:00:00','RR/MM/DD HH24:MI:SS'),3,2,'2');
Insert into BASEBALL.PLAN (TNO1,TNO2,SNO,PLAYDATE,SCORE1,SCORE2,PSTATUS) values (6,2,2,to_date('17/09/10 14:00:00','RR/MM/DD HH24:MI:SS'),1,5,'2');
Insert into BASEBALL.PLAN (TNO1,TNO2,SNO,PLAYDATE,SCORE1,SCORE2,PSTATUS) values (5,7,3,to_date('17/09/10 14:00:00','RR/MM/DD HH24:MI:SS'),17,8,'2');
Insert into BASEBALL.PLAN (TNO1,TNO2,SNO,PLAYDATE,SCORE1,SCORE2,PSTATUS) values (8,4,4,to_date('17/09/10 14:00:00','RR/MM/DD HH24:MI:SS'),5,11,'2');
Insert into BASEBALL.PLAN (TNO1,TNO2,SNO,PLAYDATE,SCORE1,SCORE2,PSTATUS) values (1,9,6,to_date('17/09/10 14:00:00','RR/MM/DD HH24:MI:SS'),6,9,'2');
Insert into BASEBALL.PLAN (TNO1,TNO2,SNO,PLAYDATE,SCORE1,SCORE2,PSTATUS) values (10,3,8,to_date('17/09/10 14:00:00','RR/MM/DD HH24:MI:SS'),5,7,'2');
Insert into BASEBALL.PLAN (TNO1,TNO2,SNO,PLAYDATE,SCORE1,SCORE2,PSTATUS) values (7,10,1,to_date('17/09/12 18:30:00','RR/MM/DD HH24:MI:SS'),2,3,'2');
Insert into BASEBALL.PLAN (TNO1,TNO2,SNO,PLAYDATE,SCORE1,SCORE2,PSTATUS) values (6,3,2,to_date('17/09/12 18:30:00','RR/MM/DD HH24:MI:SS'),1,2,'2');
Insert into BASEBALL.PLAN (TNO1,TNO2,SNO,PLAYDATE,SCORE1,SCORE2,PSTATUS) values (5,1,3,to_date('17/09/12 18:30:00','RR/MM/DD HH24:MI:SS'),2,6,'2');
Insert into BASEBALL.PLAN (TNO1,TNO2,SNO,PLAYDATE,SCORE1,SCORE2,PSTATUS) values (9,8,5,to_date('17/09/12 18:30:00','RR/MM/DD HH24:MI:SS'),2,6,'2');
Insert into BASEBALL.PLAN (TNO1,TNO2,SNO,PLAYDATE,SCORE1,SCORE2,PSTATUS) values (4,2,9,to_date('17/09/12 18:30:00','RR/MM/DD HH24:MI:SS'),13,14,'2');
Insert into BASEBALL.PLAN (TNO1,TNO2,SNO,PLAYDATE,SCORE1,SCORE2,PSTATUS) values (6,3,2,to_date('17/09/13 18:30:00','RR/MM/DD HH24:MI:SS'),3,1,'2');
Insert into BASEBALL.PLAN (TNO1,TNO2,SNO,PLAYDATE,SCORE1,SCORE2,PSTATUS) values (5,1,3,to_date('17/09/13 18:30:00','RR/MM/DD HH24:MI:SS'),15,10,'2');
Insert into BASEBALL.PLAN (TNO1,TNO2,SNO,PLAYDATE,SCORE1,SCORE2,PSTATUS) values (9,8,5,to_date('17/09/13 18:30:00','RR/MM/DD HH24:MI:SS'),13,5,'2');
Insert into BASEBALL.PLAN (TNO1,TNO2,SNO,PLAYDATE,SCORE1,SCORE2,PSTATUS) values (4,2,9,to_date('17/09/13 18:30:00','RR/MM/DD HH24:MI:SS'),3,13,'2');
Insert into BASEBALL.PLAN (TNO1,TNO2,SNO,PLAYDATE,SCORE1,SCORE2,PSTATUS) values (2,5,2,to_date('17/09/14 18:30:00','RR/MM/DD HH24:MI:SS'),6,8,'2');
Insert into BASEBALL.PLAN (TNO1,TNO2,SNO,PLAYDATE,SCORE1,SCORE2,PSTATUS) values (8,7,4,to_date('17/09/14 18:30:00','RR/MM/DD HH24:MI:SS'),10,2,'2');
Insert into BASEBALL.PLAN (TNO1,TNO2,SNO,PLAYDATE,SCORE1,SCORE2,PSTATUS) values (3,1,7,to_date('17/09/14 18:30:00','RR/MM/DD HH24:MI:SS'),2,11,'2');
Insert into BASEBALL.PLAN (TNO1,TNO2,SNO,PLAYDATE,SCORE1,SCORE2,PSTATUS) values (4,9,9,to_date('17/09/14 18:30:00','RR/MM/DD HH24:MI:SS'),11,11,'2');
Insert into BASEBALL.PLAN (TNO1,TNO2,SNO,PLAYDATE,SCORE1,SCORE2,PSTATUS) values (10,6,8,to_date('17/09/14 18:30:00','RR/MM/DD HH24:MI:SS'),12,11,'2');
Insert into BASEBALL.PLAN (TNO1,TNO2,SNO,PLAYDATE,SCORE1,SCORE2,PSTATUS) values (2,5,2,to_date('17/09/15 18:30:00','RR/MM/DD HH24:MI:SS'),0,5,'2');
Insert into BASEBALL.PLAN (TNO1,TNO2,SNO,PLAYDATE,SCORE1,SCORE2,PSTATUS) values (8,7,4,to_date('17/09/15 18:30:00','RR/MM/DD HH24:MI:SS'),6,4,'2');
Insert into BASEBALL.PLAN (TNO1,TNO2,SNO,PLAYDATE,SCORE1,SCORE2,PSTATUS) values (3,1,7,to_date('17/09/15 18:30:00','RR/MM/DD HH24:MI:SS'),4,3,'2');
Insert into BASEBALL.PLAN (TNO1,TNO2,SNO,PLAYDATE,SCORE1,SCORE2,PSTATUS) values (4,9,9,to_date('17/09/15 18:30:00','RR/MM/DD HH24:MI:SS'),3,11,'2');
Insert into BASEBALL.PLAN (TNO1,TNO2,SNO,PLAYDATE,SCORE1,SCORE2,PSTATUS) values (10,6,8,to_date('17/09/15 18:30:00','RR/MM/DD HH24:MI:SS'),5,4,'2');
Insert into BASEBALL.PLAN (TNO1,TNO2,SNO,PLAYDATE,SCORE1,SCORE2,PSTATUS) values (6,8,2,to_date('17/09/16 17:00:00','RR/MM/DD HH24:MI:SS'),1,3,'2');
Insert into BASEBALL.PLAN (TNO1,TNO2,SNO,PLAYDATE,SCORE1,SCORE2,PSTATUS) values (9,2,5,to_date('17/09/16 17:00:00','RR/MM/DD HH24:MI:SS'),5,9,'2');
Insert into BASEBALL.PLAN (TNO1,TNO2,SNO,PLAYDATE,SCORE1,SCORE2,PSTATUS) values (1,10,6,to_date('17/09/16 17:00:00','RR/MM/DD HH24:MI:SS'),17,3,'2');
Insert into BASEBALL.PLAN (TNO1,TNO2,SNO,PLAYDATE,SCORE1,SCORE2,PSTATUS) values (3,5,7,to_date('17/09/16 17:00:00','RR/MM/DD HH24:MI:SS'),6,1,'2');
Insert into BASEBALL.PLAN (TNO1,TNO2,SNO,PLAYDATE,SCORE1,SCORE2,PSTATUS) values (4,7,9,to_date('17/09/16 17:00:00','RR/MM/DD HH24:MI:SS'),15,14,'2');
Insert into BASEBALL.PLAN (TNO1,TNO2,SNO,PLAYDATE,SCORE1,SCORE2,PSTATUS) values (6,8,2,to_date('17/09/17 17:00:00','RR/MM/DD HH24:MI:SS'),8,1,'2');
Insert into BASEBALL.PLAN (TNO1,TNO2,SNO,PLAYDATE,SCORE1,SCORE2,PSTATUS) values (9,2,5,to_date('17/09/17 17:00:00','RR/MM/DD HH24:MI:SS'),8,21,'2');
Insert into BASEBALL.PLAN (TNO1,TNO2,SNO,PLAYDATE,SCORE1,SCORE2,PSTATUS) values (1,10,6,to_date('17/09/17 17:00:00','RR/MM/DD HH24:MI:SS'),4,3,'2');
Insert into BASEBALL.PLAN (TNO1,TNO2,SNO,PLAYDATE,SCORE1,SCORE2,PSTATUS) values (3,5,7,to_date('17/09/17 17:00:00','RR/MM/DD HH24:MI:SS'),9,5,'2');
Insert into BASEBALL.PLAN (TNO1,TNO2,SNO,PLAYDATE,SCORE1,SCORE2,PSTATUS) values (4,7,9,to_date('17/09/17 17:00:00','RR/MM/DD HH24:MI:SS'),6,14,'2');
Insert into BASEBALL.PLAN (TNO1,TNO2,SNO,PLAYDATE,SCORE1,SCORE2,PSTATUS) values (6,10,2,to_date('17/09/19 18:30:00','RR/MM/DD HH24:MI:SS'),7,15,'2');
Insert into BASEBALL.PLAN (TNO1,TNO2,SNO,PLAYDATE,SCORE1,SCORE2,PSTATUS) values (1,5,6,to_date('17/09/19 18:30:00','RR/MM/DD HH24:MI:SS'),4,7,'2');
Insert into BASEBALL.PLAN (TNO1,TNO2,SNO,PLAYDATE,SCORE1,SCORE2,PSTATUS) values (3,2,7,to_date('17/09/19 18:30:00','RR/MM/DD HH24:MI:SS'),3,8,'2');
Insert into BASEBALL.PLAN (TNO1,TNO2,SNO,PLAYDATE,SCORE1,SCORE2,PSTATUS) values (6,8,2,to_date('17/09/20 18:30:00','RR/MM/DD HH24:MI:SS'),1,2,'2');
Insert into BASEBALL.PLAN (TNO1,TNO2,SNO,PLAYDATE,SCORE1,SCORE2,PSTATUS) values (1,5,6,to_date('17/09/20 18:30:00','RR/MM/DD HH24:MI:SS'),3,4,'2');
Insert into BASEBALL.PLAN (TNO1,TNO2,SNO,PLAYDATE,SCORE1,SCORE2,PSTATUS) values (4,2,9,to_date('17/09/20 18:30:00','RR/MM/DD HH24:MI:SS'),2,3,'2');
Insert into BASEBALL.PLAN (TNO1,TNO2,SNO,PLAYDATE,SCORE1,SCORE2,PSTATUS) values (9,6,5,to_date('17/09/21 18:30:00','RR/MM/DD HH24:MI:SS'),8,4,'2');
Insert into BASEBALL.PLAN (TNO1,TNO2,SNO,PLAYDATE,SCORE1,SCORE2,PSTATUS) values (10,7,8,to_date('17/09/21 18:30:00','RR/MM/DD HH24:MI:SS'),3,5,'2');
Insert into BASEBALL.PLAN (TNO1,TNO2,SNO,PLAYDATE,SCORE1,SCORE2,PSTATUS) values (8,3,4,to_date('17/09/22 18:30:00','RR/MM/DD HH24:MI:SS'),0,2,'2');
Insert into BASEBALL.PLAN (TNO1,TNO2,SNO,PLAYDATE,SCORE1,SCORE2,PSTATUS) values (9,6,5,to_date('17/09/22 18:30:00','RR/MM/DD HH24:MI:SS'),4,8,'2');
Insert into BASEBALL.PLAN (TNO1,TNO2,SNO,PLAYDATE,SCORE1,SCORE2,PSTATUS) values (1,2,6,to_date('17/09/22 18:30:00','RR/MM/DD HH24:MI:SS'),0,6,'2');
Insert into BASEBALL.PLAN (TNO1,TNO2,SNO,PLAYDATE,SCORE1,SCORE2,PSTATUS) values (8,9,4,to_date('17/09/23 17:00:00','RR/MM/DD HH24:MI:SS'),8,7,'2');
Insert into BASEBALL.PLAN (TNO1,TNO2,SNO,PLAYDATE,SCORE1,SCORE2,PSTATUS) values (1,10,6,to_date('17/09/23 17:00:00','RR/MM/DD HH24:MI:SS'),8,3,'2');
Insert into BASEBALL.PLAN (TNO1,TNO2,SNO,PLAYDATE,SCORE1,SCORE2,PSTATUS) values (3,7,7,to_date('17/09/23 17:00:00','RR/MM/DD HH24:MI:SS'),7,2,'2');
Insert into BASEBALL.PLAN (TNO1,TNO2,SNO,PLAYDATE,SCORE1,SCORE2,PSTATUS) values (4,6,9,to_date('17/09/23 17:00:00','RR/MM/DD HH24:MI:SS'),9,11,'2');
Insert into BASEBALL.PLAN (TNO1,TNO2,SNO,PLAYDATE,SCORE1,SCORE2,PSTATUS) values (2,10,2,to_date('17/09/24 14:00:00','RR/MM/DD HH24:MI:SS'),6,4,'2');
Insert into BASEBALL.PLAN (TNO1,TNO2,SNO,PLAYDATE,SCORE1,SCORE2,PSTATUS) values (1,8,6,to_date('17/09/24 14:00:00','RR/MM/DD HH24:MI:SS'),0,5,'2');
Insert into BASEBALL.PLAN (TNO1,TNO2,SNO,PLAYDATE,SCORE1,SCORE2,PSTATUS) values (4,6,9,to_date('17/09/24 14:00:00','RR/MM/DD HH24:MI:SS'),4,3,'2');
Insert into BASEBALL.PLAN (TNO1,TNO2,SNO,PLAYDATE,SCORE1,SCORE2,PSTATUS) values (1,6,6,to_date('17/09/26 18:30:00','RR/MM/DD HH24:MI:SS'),6,0,'2');
Insert into BASEBALL.PLAN (TNO1,TNO2,SNO,PLAYDATE,SCORE1,SCORE2,PSTATUS) values (3,8,7,to_date('17/09/26 18:30:00','RR/MM/DD HH24:MI:SS'),11,8,'2');
Insert into BASEBALL.PLAN (TNO1,TNO2,SNO,PLAYDATE,SCORE1,SCORE2,PSTATUS) values (9,4,5,to_date('17/09/27 18:30:00','RR/MM/DD HH24:MI:SS'),1,11,'2');
Insert into BASEBALL.PLAN (TNO1,TNO2,SNO,PLAYDATE,SCORE1,SCORE2,PSTATUS) values (10,2,8,to_date('17/09/27 18:30:00','RR/MM/DD HH24:MI:SS'),3,2,'2');
Insert into BASEBALL.PLAN (TNO1,TNO2,SNO,PLAYDATE,SCORE1,SCORE2,PSTATUS) values (8,1,4,to_date('17/09/28 18:30:00','RR/MM/DD HH24:MI:SS'),4,7,'2');
Insert into BASEBALL.PLAN (TNO1,TNO2,SNO,PLAYDATE,SCORE1,SCORE2,PSTATUS) values (10,6,8,to_date('17/09/28 18:30:00','RR/MM/DD HH24:MI:SS'),6,15,'2');
Insert into BASEBALL.PLAN (TNO1,TNO2,SNO,PLAYDATE,SCORE1,SCORE2,PSTATUS) values (6,2,2,to_date('17/09/29 18:30:00','RR/MM/DD HH24:MI:SS'),3,5,'2');
Insert into BASEBALL.PLAN (TNO1,TNO2,SNO,PLAYDATE,SCORE1,SCORE2,PSTATUS) values (5,3,3,to_date('17/09/29 18:30:00','RR/MM/DD HH24:MI:SS'),2,7,'2');
Insert into BASEBALL.PLAN (TNO1,TNO2,SNO,PLAYDATE,SCORE1,SCORE2,PSTATUS) values (8,1,4,to_date('17/09/29 18:30:00','RR/MM/DD HH24:MI:SS'),2,7,'2');
Insert into BASEBALL.PLAN (TNO1,TNO2,SNO,PLAYDATE,SCORE1,SCORE2,PSTATUS) values (4,7,9,to_date('17/09/29 18:30:00','RR/MM/DD HH24:MI:SS'),8,4,'2');
Insert into BASEBALL.PLAN (TNO1,TNO2,SNO,PLAYDATE,SCORE1,SCORE2,PSTATUS) values (6,9,2,to_date('17/09/30 17:00:00','RR/MM/DD HH24:MI:SS'),4,3,'2');
Insert into BASEBALL.PLAN (TNO1,TNO2,SNO,PLAYDATE,SCORE1,SCORE2,PSTATUS) values (8,5,4,to_date('17/09/30 17:00:00','RR/MM/DD HH24:MI:SS'),1,4,'2');
Insert into BASEBALL.PLAN (TNO1,TNO2,SNO,PLAYDATE,SCORE1,SCORE2,PSTATUS) values (4,7,9,to_date('17/09/30 17:00:00','RR/MM/DD HH24:MI:SS'),11,4,'2');
Insert into BASEBALL.PLAN (TNO1,TNO2,SNO,PLAYDATE,SCORE1,SCORE2,PSTATUS) values (7,10,1,to_date('17/09/13 18:30:00','RR/MM/DD HH24:MI:SS'),8,0,'2');
Insert into BASEBALL.PLAN (TNO1,TNO2,SNO,PLAYDATE,SCORE1,SCORE2,PSTATUS) values (7,10,1,to_date('17/07/21 18:30:00','RR/MM/DD HH24:MI:SS'),2,0,'2');
Insert into BASEBALL.PLAN (TNO1,TNO2,SNO,PLAYDATE,SCORE1,SCORE2,PSTATUS) values (9,3,12,to_date('17/07/06 18:30:00','RR/MM/DD HH24:MI:SS'),2,4,'2');
Insert into BASEBALL.PLAN (TNO1,TNO2,SNO,PLAYDATE,SCORE1,SCORE2,PSTATUS) values (1,8,2,to_date('17/07/07 18:30:00','RR/MM/DD HH24:MI:SS'),null,null,'3');
Insert into BASEBALL.PLAN (TNO1,TNO2,SNO,PLAYDATE,SCORE1,SCORE2,PSTATUS) values (9,7,5,to_date('17/07/07 18:30:00','RR/MM/DD HH24:MI:SS'),2,9,'2');
Insert into BASEBALL.PLAN (TNO1,TNO2,SNO,PLAYDATE,SCORE1,SCORE2,PSTATUS) values (3,5,7,to_date('17/07/07 18:30:00','RR/MM/DD HH24:MI:SS'),5,6,'2');
Insert into BASEBALL.PLAN (TNO1,TNO2,SNO,PLAYDATE,SCORE1,SCORE2,PSTATUS) values (4,2,9,to_date('17/07/07 18:30:00','RR/MM/DD HH24:MI:SS'),1,6,'2');
Insert into BASEBALL.PLAN (TNO1,TNO2,SNO,PLAYDATE,SCORE1,SCORE2,PSTATUS) values (10,1,8,to_date('17/07/07 18:30:00','RR/MM/DD HH24:MI:SS'),null,null,'3');
Insert into BASEBALL.PLAN (TNO1,TNO2,SNO,PLAYDATE,SCORE1,SCORE2,PSTATUS) values (1,8,2,to_date('17/07/08 18:00:00','RR/MM/DD HH24:MI:SS'),3,6,'2');
Insert into BASEBALL.PLAN (TNO1,TNO2,SNO,PLAYDATE,SCORE1,SCORE2,PSTATUS) values (9,7,5,to_date('17/07/08 18:00:00','RR/MM/DD HH24:MI:SS'),8,10,'2');
Insert into BASEBALL.PLAN (TNO1,TNO2,SNO,PLAYDATE,SCORE1,SCORE2,PSTATUS) values (3,5,7,to_date('17/07/08 18:00:00','RR/MM/DD HH24:MI:SS'),6,4,'2');
Insert into BASEBALL.PLAN (TNO1,TNO2,SNO,PLAYDATE,SCORE1,SCORE2,PSTATUS) values (4,2,9,to_date('17/07/08 18:00:00','RR/MM/DD HH24:MI:SS'),null,null,'3');
Insert into BASEBALL.PLAN (TNO1,TNO2,SNO,PLAYDATE,SCORE1,SCORE2,PSTATUS) values (10,1,8,to_date('17/07/08 18:00:00','RR/MM/DD HH24:MI:SS'),8,20,'2');
Insert into BASEBALL.PLAN (TNO1,TNO2,SNO,PLAYDATE,SCORE1,SCORE2,PSTATUS) values (1,8,2,to_date('17/07/09 18:00:00','RR/MM/DD HH24:MI:SS'),3,2,'2');
Insert into BASEBALL.PLAN (TNO1,TNO2,SNO,PLAYDATE,SCORE1,SCORE2,PSTATUS) values (9,7,5,to_date('17/07/09 18:00:00','RR/MM/DD HH24:MI:SS'),7,2,'2');
Insert into BASEBALL.PLAN (TNO1,TNO2,SNO,PLAYDATE,SCORE1,SCORE2,PSTATUS) values (3,5,7,to_date('17/07/09 18:00:00','RR/MM/DD HH24:MI:SS'),0,6,'2');
Insert into BASEBALL.PLAN (TNO1,TNO2,SNO,PLAYDATE,SCORE1,SCORE2,PSTATUS) values (4,2,9,to_date('17/07/09 18:00:00','RR/MM/DD HH24:MI:SS'),9,4,'2');
Insert into BASEBALL.PLAN (TNO1,TNO2,SNO,PLAYDATE,SCORE1,SCORE2,PSTATUS) values (10,1,8,to_date('17/07/09 18:00:00','RR/MM/DD HH24:MI:SS'),null,null,'3');
Insert into BASEBALL.PLAN (TNO1,TNO2,SNO,PLAYDATE,SCORE1,SCORE2,PSTATUS) values (2,7,2,to_date('17/07/11 18:30:00','RR/MM/DD HH24:MI:SS'),1,5,'2');
Insert into BASEBALL.PLAN (TNO1,TNO2,SNO,PLAYDATE,SCORE1,SCORE2,PSTATUS) values (5,6,3,to_date('17/07/11 18:30:00','RR/MM/DD HH24:MI:SS'),6,1,'2');
Insert into BASEBALL.PLAN (TNO1,TNO2,SNO,PLAYDATE,SCORE1,SCORE2,PSTATUS) values (8,3,4,to_date('17/07/11 18:30:00','RR/MM/DD HH24:MI:SS'),4,5,'2');
Insert into BASEBALL.PLAN (TNO1,TNO2,SNO,PLAYDATE,SCORE1,SCORE2,PSTATUS) values (1,4,6,to_date('17/07/11 18:30:00','RR/MM/DD HH24:MI:SS'),7,4,'2');
Insert into BASEBALL.PLAN (TNO1,TNO2,SNO,PLAYDATE,SCORE1,SCORE2,PSTATUS) values (10,9,8,to_date('17/07/11 18:30:00','RR/MM/DD HH24:MI:SS'),2,4,'2');
Insert into BASEBALL.PLAN (TNO1,TNO2,SNO,PLAYDATE,SCORE1,SCORE2,PSTATUS) values (2,7,2,to_date('17/07/12 18:30:00','RR/MM/DD HH24:MI:SS'),4,3,'2');
Insert into BASEBALL.PLAN (TNO1,TNO2,SNO,PLAYDATE,SCORE1,SCORE2,PSTATUS) values (5,6,3,to_date('17/07/12 18:30:00','RR/MM/DD HH24:MI:SS'),6,12,'2');
Insert into BASEBALL.PLAN (TNO1,TNO2,SNO,PLAYDATE,SCORE1,SCORE2,PSTATUS) values (8,3,4,to_date('17/07/12 18:30:00','RR/MM/DD HH24:MI:SS'),4,8,'2');
Insert into BASEBALL.PLAN (TNO1,TNO2,SNO,PLAYDATE,SCORE1,SCORE2,PSTATUS) values (1,4,6,to_date('17/07/12 18:30:00','RR/MM/DD HH24:MI:SS'),7,6,'2');
Insert into BASEBALL.PLAN (TNO1,TNO2,SNO,PLAYDATE,SCORE1,SCORE2,PSTATUS) values (10,9,8,to_date('17/07/12 18:30:00','RR/MM/DD HH24:MI:SS'),3,11,'2');
Insert into BASEBALL.PLAN (TNO1,TNO2,SNO,PLAYDATE,SCORE1,SCORE2,PSTATUS) values (2,7,2,to_date('17/07/13 18:30:00','RR/MM/DD HH24:MI:SS'),8,4,'2');
Insert into BASEBALL.PLAN (TNO1,TNO2,SNO,PLAYDATE,SCORE1,SCORE2,PSTATUS) values (5,6,3,to_date('17/07/13 18:30:00','RR/MM/DD HH24:MI:SS'),1,9,'2');
Insert into BASEBALL.PLAN (TNO1,TNO2,SNO,PLAYDATE,SCORE1,SCORE2,PSTATUS) values (8,3,4,to_date('17/07/13 18:30:00','RR/MM/DD HH24:MI:SS'),6,4,'2');
Insert into BASEBALL.PLAN (TNO1,TNO2,SNO,PLAYDATE,SCORE1,SCORE2,PSTATUS) values (1,4,6,to_date('17/07/13 18:30:00','RR/MM/DD HH24:MI:SS'),7,1,'2');
Insert into BASEBALL.PLAN (TNO1,TNO2,SNO,PLAYDATE,SCORE1,SCORE2,PSTATUS) values (10,9,8,to_date('17/07/13 18:30:00','RR/MM/DD HH24:MI:SS'),9,8,'2');
Insert into BASEBALL.PLAN (TNO1,TNO2,SNO,PLAYDATE,SCORE1,SCORE2,PSTATUS) values (7,1,1,to_date('17/07/18 18:30:00','RR/MM/DD HH24:MI:SS'),3,4,'2');
Insert into BASEBALL.PLAN (TNO1,TNO2,SNO,PLAYDATE,SCORE1,SCORE2,PSTATUS) values (6,10,2,to_date('17/07/18 18:30:00','RR/MM/DD HH24:MI:SS'),3,2,'2');
Insert into BASEBALL.PLAN (TNO1,TNO2,SNO,PLAYDATE,SCORE1,SCORE2,PSTATUS) values (5,2,3,to_date('17/07/18 18:30:00','RR/MM/DD HH24:MI:SS'),4,6,'2');
Insert into BASEBALL.PLAN (TNO1,TNO2,SNO,PLAYDATE,SCORE1,SCORE2,PSTATUS) values (8,4,11,to_date('17/07/18 18:30:00','RR/MM/DD HH24:MI:SS'),4,7,'2');
Insert into BASEBALL.PLAN (TNO1,TNO2,SNO,PLAYDATE,SCORE1,SCORE2,PSTATUS) values (3,9,10,to_date('17/07/18 18:30:00','RR/MM/DD HH24:MI:SS'),5,2,'2');
Insert into BASEBALL.PLAN (TNO1,TNO2,SNO,PLAYDATE,SCORE1,SCORE2,PSTATUS) values (7,1,1,to_date('17/07/19 18:30:00','RR/MM/DD HH24:MI:SS'),4,2,'2');
Insert into BASEBALL.PLAN (TNO1,TNO2,SNO,PLAYDATE,SCORE1,SCORE2,PSTATUS) values (6,10,2,to_date('17/07/19 18:30:00','RR/MM/DD HH24:MI:SS'),4,2,'2');
Insert into BASEBALL.PLAN (TNO1,TNO2,SNO,PLAYDATE,SCORE1,SCORE2,PSTATUS) values (5,2,3,to_date('17/07/19 18:30:00','RR/MM/DD HH24:MI:SS'),12,8,'2');
Insert into BASEBALL.PLAN (TNO1,TNO2,SNO,PLAYDATE,SCORE1,SCORE2,PSTATUS) values (8,4,11,to_date('17/07/19 18:30:00','RR/MM/DD HH24:MI:SS'),9,13,'2');
Insert into BASEBALL.PLAN (TNO1,TNO2,SNO,PLAYDATE,SCORE1,SCORE2,PSTATUS) values (3,9,10,to_date('17/07/19 18:30:00','RR/MM/DD HH24:MI:SS'),0,3,'2');
Insert into BASEBALL.PLAN (TNO1,TNO2,SNO,PLAYDATE,SCORE1,SCORE2,PSTATUS) values (7,1,1,to_date('17/07/20 18:30:00','RR/MM/DD HH24:MI:SS'),7,8,'2');
Insert into BASEBALL.PLAN (TNO1,TNO2,SNO,PLAYDATE,SCORE1,SCORE2,PSTATUS) values (6,10,2,to_date('17/07/20 18:30:00','RR/MM/DD HH24:MI:SS'),10,9,'2');
Insert into BASEBALL.PLAN (TNO1,TNO2,SNO,PLAYDATE,SCORE1,SCORE2,PSTATUS) values (5,2,3,to_date('17/07/20 18:30:00','RR/MM/DD HH24:MI:SS'),2,14,'2');
Insert into BASEBALL.PLAN (TNO1,TNO2,SNO,PLAYDATE,SCORE1,SCORE2,PSTATUS) values (8,4,11,to_date('17/07/20 18:30:00','RR/MM/DD HH24:MI:SS'),4,7,'2');
Insert into BASEBALL.PLAN (TNO1,TNO2,SNO,PLAYDATE,SCORE1,SCORE2,PSTATUS) values (3,9,10,to_date('17/07/20 18:30:00','RR/MM/DD HH24:MI:SS'),4,4,'2');
Insert into BASEBALL.PLAN (TNO1,TNO2,SNO,PLAYDATE,SCORE1,SCORE2,PSTATUS) values (2,8,2,to_date('17/07/21 18:30:00','RR/MM/DD HH24:MI:SS'),9,6,'2');
Insert into BASEBALL.PLAN (TNO1,TNO2,SNO,PLAYDATE,SCORE1,SCORE2,PSTATUS) values (9,6,5,to_date('17/07/21 18:30:00','RR/MM/DD HH24:MI:SS'),4,10,'2');
Insert into BASEBALL.PLAN (TNO1,TNO2,SNO,PLAYDATE,SCORE1,SCORE2,PSTATUS) values (1,3,6,to_date('17/07/21 18:30:00','RR/MM/DD HH24:MI:SS'),3,4,'2');
Insert into BASEBALL.PLAN (TNO1,TNO2,SNO,PLAYDATE,SCORE1,SCORE2,PSTATUS) values (4,5,9,to_date('17/07/21 18:30:00','RR/MM/DD HH24:MI:SS'),10,6,'2');
Insert into BASEBALL.PLAN (TNO1,TNO2,SNO,PLAYDATE,SCORE1,SCORE2,PSTATUS) values (7,10,1,to_date('17/07/22 18:00:00','RR/MM/DD HH24:MI:SS'),3,8,'2');
Insert into BASEBALL.PLAN (TNO1,TNO2,SNO,PLAYDATE,SCORE1,SCORE2,PSTATUS) values (2,8,2,to_date('17/07/22 18:00:00','RR/MM/DD HH24:MI:SS'),17,1,'2');
Insert into BASEBALL.PLAN (TNO1,TNO2,SNO,PLAYDATE,SCORE1,SCORE2,PSTATUS) values (9,6,5,to_date('17/07/22 18:00:00','RR/MM/DD HH24:MI:SS'),null,null,'3');
Insert into BASEBALL.PLAN (TNO1,TNO2,SNO,PLAYDATE,SCORE1,SCORE2,PSTATUS) values (1,3,6,to_date('17/07/22 18:00:00','RR/MM/DD HH24:MI:SS'),0,1,'2');
Insert into BASEBALL.PLAN (TNO1,TNO2,SNO,PLAYDATE,SCORE1,SCORE2,PSTATUS) values (4,5,9,to_date('17/07/22 18:00:00','RR/MM/DD HH24:MI:SS'),8,2,'2');
Insert into BASEBALL.PLAN (TNO1,TNO2,SNO,PLAYDATE,SCORE1,SCORE2,PSTATUS) values (7,10,1,to_date('17/07/23 18:00:00','RR/MM/DD HH24:MI:SS'),7,4,'2');
Insert into BASEBALL.PLAN (TNO1,TNO2,SNO,PLAYDATE,SCORE1,SCORE2,PSTATUS) values (2,8,2,to_date('17/07/23 18:00:00','RR/MM/DD HH24:MI:SS'),8,7,'2');
Insert into BASEBALL.PLAN (TNO1,TNO2,SNO,PLAYDATE,SCORE1,SCORE2,PSTATUS) values (9,6,5,to_date('17/07/23 18:00:00','RR/MM/DD HH24:MI:SS'),10,6,'2');
Insert into BASEBALL.PLAN (TNO1,TNO2,SNO,PLAYDATE,SCORE1,SCORE2,PSTATUS) values (1,3,6,to_date('17/07/23 18:00:00','RR/MM/DD HH24:MI:SS'),1,3,'2');
Insert into BASEBALL.PLAN (TNO1,TNO2,SNO,PLAYDATE,SCORE1,SCORE2,PSTATUS) values (4,5,9,to_date('17/07/23 18:00:00','RR/MM/DD HH24:MI:SS'),8,1,'2');
Insert into BASEBALL.PLAN (TNO1,TNO2,SNO,PLAYDATE,SCORE1,SCORE2,PSTATUS) values (6,7,2,to_date('17/07/25 18:30:00','RR/MM/DD HH24:MI:SS'),0,6,'2');
Insert into BASEBALL.PLAN (TNO1,TNO2,SNO,PLAYDATE,SCORE1,SCORE2,PSTATUS) values (9,4,5,to_date('17/07/25 18:30:00','RR/MM/DD HH24:MI:SS'),3,1,'2');
Insert into BASEBALL.PLAN (TNO1,TNO2,SNO,PLAYDATE,SCORE1,SCORE2,PSTATUS) values (1,5,6,to_date('17/07/25 18:30:00','RR/MM/DD HH24:MI:SS'),11,10,'2');
Insert into BASEBALL.PLAN (TNO1,TNO2,SNO,PLAYDATE,SCORE1,SCORE2,PSTATUS) values (3,8,7,to_date('17/07/25 18:30:00','RR/MM/DD HH24:MI:SS'),null,null,'3');
Insert into BASEBALL.PLAN (TNO1,TNO2,SNO,PLAYDATE,SCORE1,SCORE2,PSTATUS) values (10,2,8,to_date('17/07/25 18:30:00','RR/MM/DD HH24:MI:SS'),5,6,'2');
Insert into BASEBALL.PLAN (TNO1,TNO2,SNO,PLAYDATE,SCORE1,SCORE2,PSTATUS) values (6,7,2,to_date('17/07/26 18:30:00','RR/MM/DD HH24:MI:SS'),4,3,'2');
Insert into BASEBALL.PLAN (TNO1,TNO2,SNO,PLAYDATE,SCORE1,SCORE2,PSTATUS) values (9,4,5,to_date('17/07/26 18:30:00','RR/MM/DD HH24:MI:SS'),5,1,'2');
Insert into BASEBALL.PLAN (TNO1,TNO2,SNO,PLAYDATE,SCORE1,SCORE2,PSTATUS) values (1,5,6,to_date('17/07/26 18:30:00','RR/MM/DD HH24:MI:SS'),8,7,'2');
Insert into BASEBALL.PLAN (TNO1,TNO2,SNO,PLAYDATE,SCORE1,SCORE2,PSTATUS) values (3,8,7,to_date('17/07/26 18:30:00','RR/MM/DD HH24:MI:SS'),9,8,'2');
Insert into BASEBALL.PLAN (TNO1,TNO2,SNO,PLAYDATE,SCORE1,SCORE2,PSTATUS) values (10,2,8,to_date('17/07/26 18:30:00','RR/MM/DD HH24:MI:SS'),3,7,'2');
Insert into BASEBALL.PLAN (TNO1,TNO2,SNO,PLAYDATE,SCORE1,SCORE2,PSTATUS) values (6,7,2,to_date('17/07/27 18:30:00','RR/MM/DD HH24:MI:SS'),4,3,'2');
Insert into BASEBALL.PLAN (TNO1,TNO2,SNO,PLAYDATE,SCORE1,SCORE2,PSTATUS) values (9,4,5,to_date('17/07/27 18:30:00','RR/MM/DD HH24:MI:SS'),0,7,'2');
Insert into BASEBALL.PLAN (TNO1,TNO2,SNO,PLAYDATE,SCORE1,SCORE2,PSTATUS) values (1,5,6,to_date('17/07/27 18:30:00','RR/MM/DD HH24:MI:SS'),9,1,'2');
Insert into BASEBALL.PLAN (TNO1,TNO2,SNO,PLAYDATE,SCORE1,SCORE2,PSTATUS) values (3,8,7,to_date('17/07/27 18:30:00','RR/MM/DD HH24:MI:SS'),3,6,'2');
Insert into BASEBALL.PLAN (TNO1,TNO2,SNO,PLAYDATE,SCORE1,SCORE2,PSTATUS) values (10,2,8,to_date('17/07/27 18:30:00','RR/MM/DD HH24:MI:SS'),3,5,'2');
Insert into BASEBALL.PLAN (TNO1,TNO2,SNO,PLAYDATE,SCORE1,SCORE2,PSTATUS) values (7,9,1,to_date('17/07/28 18:30:00','RR/MM/DD HH24:MI:SS'),2,9,'2');
Insert into BASEBALL.PLAN (TNO1,TNO2,SNO,PLAYDATE,SCORE1,SCORE2,PSTATUS) values (2,1,2,to_date('17/07/28 18:30:00','RR/MM/DD HH24:MI:SS'),3,3,'2');
Insert into BASEBALL.PLAN (TNO1,TNO2,SNO,PLAYDATE,SCORE1,SCORE2,PSTATUS) values (5,3,3,to_date('17/07/28 18:30:00','RR/MM/DD HH24:MI:SS'),8,7,'2');
Insert into BASEBALL.PLAN (TNO1,TNO2,SNO,PLAYDATE,SCORE1,SCORE2,PSTATUS) values (8,6,4,to_date('17/07/28 18:30:00','RR/MM/DD HH24:MI:SS'),4,3,'2');
Insert into BASEBALL.PLAN (TNO1,TNO2,SNO,PLAYDATE,SCORE1,SCORE2,PSTATUS) values (10,4,8,to_date('17/07/28 18:30:00','RR/MM/DD HH24:MI:SS'),4,5,'2');
Insert into BASEBALL.PLAN (TNO1,TNO2,SNO,PLAYDATE,SCORE1,SCORE2,PSTATUS) values (7,9,1,to_date('17/07/29 18:00:00','RR/MM/DD HH24:MI:SS'),14,1,'2');
Insert into BASEBALL.PLAN (TNO1,TNO2,SNO,PLAYDATE,SCORE1,SCORE2,PSTATUS) values (2,1,2,to_date('17/07/29 18:00:00','RR/MM/DD HH24:MI:SS'),1,2,'2');
Insert into BASEBALL.PLAN (TNO1,TNO2,SNO,PLAYDATE,SCORE1,SCORE2,PSTATUS) values (5,3,3,to_date('17/07/29 18:00:00','RR/MM/DD HH24:MI:SS'),4,1,'2');
Insert into BASEBALL.PLAN (TNO1,TNO2,SNO,PLAYDATE,SCORE1,SCORE2,PSTATUS) values (8,6,4,to_date('17/07/29 18:00:00','RR/MM/DD HH24:MI:SS'),2,12,'2');
Insert into BASEBALL.PLAN (TNO1,TNO2,SNO,PLAYDATE,SCORE1,SCORE2,PSTATUS) values (10,4,8,to_date('17/07/29 18:00:00','RR/MM/DD HH24:MI:SS'),4,3,'2');
Insert into BASEBALL.PLAN (TNO1,TNO2,SNO,PLAYDATE,SCORE1,SCORE2,PSTATUS) values (7,9,1,to_date('17/07/30 18:00:00','RR/MM/DD HH24:MI:SS'),9,4,'2');
Insert into BASEBALL.PLAN (TNO1,TNO2,SNO,PLAYDATE,SCORE1,SCORE2,PSTATUS) values (2,1,2,to_date('17/07/30 18:00:00','RR/MM/DD HH24:MI:SS'),6,4,'2');
Insert into BASEBALL.PLAN (TNO1,TNO2,SNO,PLAYDATE,SCORE1,SCORE2,PSTATUS) values (5,3,3,to_date('17/07/30 18:00:00','RR/MM/DD HH24:MI:SS'),2,3,'2');
Insert into BASEBALL.PLAN (TNO1,TNO2,SNO,PLAYDATE,SCORE1,SCORE2,PSTATUS) values (8,6,4,to_date('17/07/30 18:00:00','RR/MM/DD HH24:MI:SS'),3,9,'2');
Insert into BASEBALL.PLAN (TNO1,TNO2,SNO,PLAYDATE,SCORE1,SCORE2,PSTATUS) values (10,4,8,to_date('17/07/30 18:00:00','RR/MM/DD HH24:MI:SS'),3,8,'2');
Insert into BASEBALL.PLAN (TNO1,TNO2,SNO,PLAYDATE,SCORE1,SCORE2,PSTATUS) values (7,5,1,to_date('17/08/01 18:30:00','RR/MM/DD HH24:MI:SS'),3,0,'2');
Insert into BASEBALL.PLAN (TNO1,TNO2,SNO,PLAYDATE,SCORE1,SCORE2,PSTATUS) values (6,3,2,to_date('17/08/01 18:30:00','RR/MM/DD HH24:MI:SS'),2,0,'2');
Insert into BASEBALL.PLAN (TNO1,TNO2,SNO,PLAYDATE,SCORE1,SCORE2,PSTATUS) values (9,2,5,to_date('17/08/01 18:30:00','RR/MM/DD HH24:MI:SS'),5,12,'2');
Insert into BASEBALL.PLAN (TNO1,TNO2,SNO,PLAYDATE,SCORE1,SCORE2,PSTATUS) values (1,10,6,to_date('17/08/01 18:30:00','RR/MM/DD HH24:MI:SS'),7,15,'2');
Insert into BASEBALL.PLAN (TNO1,TNO2,SNO,PLAYDATE,SCORE1,SCORE2,PSTATUS) values (4,8,9,to_date('17/08/01 18:30:00','RR/MM/DD HH24:MI:SS'),7,6,'2');
Insert into BASEBALL.PLAN (TNO1,TNO2,SNO,PLAYDATE,SCORE1,SCORE2,PSTATUS) values (7,5,1,to_date('17/08/02 18:30:00','RR/MM/DD HH24:MI:SS'),5,4,'2');
Insert into BASEBALL.PLAN (TNO1,TNO2,SNO,PLAYDATE,SCORE1,SCORE2,PSTATUS) values (6,3,2,to_date('17/08/02 18:30:00','RR/MM/DD HH24:MI:SS'),5,4,'2');
Insert into BASEBALL.PLAN (TNO1,TNO2,SNO,PLAYDATE,SCORE1,SCORE2,PSTATUS) values (9,2,5,to_date('17/08/02 18:30:00','RR/MM/DD HH24:MI:SS'),2,5,'2');
Insert into BASEBALL.PLAN (TNO1,TNO2,SNO,PLAYDATE,SCORE1,SCORE2,PSTATUS) values (1,10,6,to_date('17/08/02 18:30:00','RR/MM/DD HH24:MI:SS'),null,null,'3');
Insert into BASEBALL.PLAN (TNO1,TNO2,SNO,PLAYDATE,SCORE1,SCORE2,PSTATUS) values (4,8,9,to_date('17/08/02 18:30:00','RR/MM/DD HH24:MI:SS'),2,6,'2');
Insert into BASEBALL.PLAN (TNO1,TNO2,SNO,PLAYDATE,SCORE1,SCORE2,PSTATUS) values (7,5,1,to_date('17/08/03 18:30:00','RR/MM/DD HH24:MI:SS'),11,3,'2');
Insert into BASEBALL.PLAN (TNO1,TNO2,SNO,PLAYDATE,SCORE1,SCORE2,PSTATUS) values (6,3,2,to_date('17/08/03 18:30:00','RR/MM/DD HH24:MI:SS'),9,6,'2');
Insert into BASEBALL.PLAN (TNO1,TNO2,SNO,PLAYDATE,SCORE1,SCORE2,PSTATUS) values (9,2,5,to_date('17/08/03 18:30:00','RR/MM/DD HH24:MI:SS'),4,14,'2');
Insert into BASEBALL.PLAN (TNO1,TNO2,SNO,PLAYDATE,SCORE1,SCORE2,PSTATUS) values (1,10,6,to_date('17/08/03 18:30:00','RR/MM/DD HH24:MI:SS'),9,3,'2');
Insert into BASEBALL.PLAN (TNO1,TNO2,SNO,PLAYDATE,SCORE1,SCORE2,PSTATUS) values (4,8,9,to_date('17/08/03 18:30:00','RR/MM/DD HH24:MI:SS'),10,2,'2');
Insert into BASEBALL.PLAN (TNO1,TNO2,SNO,PLAYDATE,SCORE1,SCORE2,PSTATUS) values (6,2,2,to_date('17/08/04 18:30:00','RR/MM/DD HH24:MI:SS'),4,11,'2');
Insert into BASEBALL.PLAN (TNO1,TNO2,SNO,PLAYDATE,SCORE1,SCORE2,PSTATUS) values (8,1,4,to_date('17/08/04 18:30:00','RR/MM/DD HH24:MI:SS'),7,3,'2');
Insert into BASEBALL.PLAN (TNO1,TNO2,SNO,PLAYDATE,SCORE1,SCORE2,PSTATUS) values (3,7,7,to_date('17/08/04 18:30:00','RR/MM/DD HH24:MI:SS'),10,8,'2');
Insert into BASEBALL.PLAN (TNO1,TNO2,SNO,PLAYDATE,SCORE1,SCORE2,PSTATUS) values (4,9,9,to_date('17/08/04 18:30:00','RR/MM/DD HH24:MI:SS'),3,4,'2');
Insert into BASEBALL.PLAN (TNO1,TNO2,SNO,PLAYDATE,SCORE1,SCORE2,PSTATUS) values (10,5,8,to_date('17/08/04 18:30:00','RR/MM/DD HH24:MI:SS'),5,6,'2');
Insert into BASEBALL.PLAN (TNO1,TNO2,SNO,PLAYDATE,SCORE1,SCORE2,PSTATUS) values (6,2,2,to_date('17/08/05 18:00:00','RR/MM/DD HH24:MI:SS'),1,2,'2');
Insert into BASEBALL.PLAN (TNO1,TNO2,SNO,PLAYDATE,SCORE1,SCORE2,PSTATUS) values (8,1,4,to_date('17/08/05 18:00:00','RR/MM/DD HH24:MI:SS'),1,7,'2');
Insert into BASEBALL.PLAN (TNO1,TNO2,SNO,PLAYDATE,SCORE1,SCORE2,PSTATUS) values (3,7,7,to_date('17/08/05 18:00:00','RR/MM/DD HH24:MI:SS'),5,4,'2');
Insert into BASEBALL.PLAN (TNO1,TNO2,SNO,PLAYDATE,SCORE1,SCORE2,PSTATUS) values (4,9,9,to_date('17/08/05 18:00:00','RR/MM/DD HH24:MI:SS'),3,9,'2');
Insert into BASEBALL.PLAN (TNO1,TNO2,SNO,PLAYDATE,SCORE1,SCORE2,PSTATUS) values (10,5,8,to_date('17/08/05 18:00:00','RR/MM/DD HH24:MI:SS'),4,3,'2');
Insert into BASEBALL.PLAN (TNO1,TNO2,SNO,PLAYDATE,SCORE1,SCORE2,PSTATUS) values (6,2,2,to_date('17/08/06 18:00:00','RR/MM/DD HH24:MI:SS'),3,10,'2');
Insert into BASEBALL.PLAN (TNO1,TNO2,SNO,PLAYDATE,SCORE1,SCORE2,PSTATUS) values (8,1,4,to_date('17/08/06 18:00:00','RR/MM/DD HH24:MI:SS'),null,null,'3');
Insert into BASEBALL.PLAN (TNO1,TNO2,SNO,PLAYDATE,SCORE1,SCORE2,PSTATUS) values (3,7,7,to_date('17/08/06 18:00:00','RR/MM/DD HH24:MI:SS'),6,4,'2');
Insert into BASEBALL.PLAN (TNO1,TNO2,SNO,PLAYDATE,SCORE1,SCORE2,PSTATUS) values (4,9,9,to_date('17/08/06 18:00:00','RR/MM/DD HH24:MI:SS'),4,1,'2');
Insert into BASEBALL.PLAN (TNO1,TNO2,SNO,PLAYDATE,SCORE1,SCORE2,PSTATUS) values (10,5,8,to_date('17/08/06 18:00:00','RR/MM/DD HH24:MI:SS'),6,3,'2');
Insert into BASEBALL.PLAN (TNO1,TNO2,SNO,PLAYDATE,SCORE1,SCORE2,PSTATUS) values (2,8,2,to_date('17/08/08 18:30:00','RR/MM/DD HH24:MI:SS'),8,1,'2');
Insert into BASEBALL.PLAN (TNO1,TNO2,SNO,PLAYDATE,SCORE1,SCORE2,PSTATUS) values (5,4,3,to_date('17/08/08 18:30:00','RR/MM/DD HH24:MI:SS'),4,0,'2');
Insert into BASEBALL.PLAN (TNO1,TNO2,SNO,PLAYDATE,SCORE1,SCORE2,PSTATUS) values (9,6,5,to_date('17/08/08 18:30:00','RR/MM/DD HH24:MI:SS'),8,10,'2');
Insert into BASEBALL.PLAN (TNO1,TNO2,SNO,PLAYDATE,SCORE1,SCORE2,PSTATUS) values (1,7,6,to_date('17/08/08 18:30:00','RR/MM/DD HH24:MI:SS'),3,5,'2');
Insert into BASEBALL.PLAN (TNO1,TNO2,SNO,PLAYDATE,SCORE1,SCORE2,PSTATUS) values (3,10,7,to_date('17/08/08 18:30:00','RR/MM/DD HH24:MI:SS'),5,4,'2');
Insert into BASEBALL.PLAN (TNO1,TNO2,SNO,PLAYDATE,SCORE1,SCORE2,PSTATUS) values (2,8,2,to_date('17/08/09 18:30:00','RR/MM/DD HH24:MI:SS'),6,12,'2');
Insert into BASEBALL.PLAN (TNO1,TNO2,SNO,PLAYDATE,SCORE1,SCORE2,PSTATUS) values (5,4,3,to_date('17/08/09 18:30:00','RR/MM/DD HH24:MI:SS'),5,10,'2');
Insert into BASEBALL.PLAN (TNO1,TNO2,SNO,PLAYDATE,SCORE1,SCORE2,PSTATUS) values (9,6,5,to_date('17/08/09 18:30:00','RR/MM/DD HH24:MI:SS'),7,4,'2');
Insert into BASEBALL.PLAN (TNO1,TNO2,SNO,PLAYDATE,SCORE1,SCORE2,PSTATUS) values (1,7,6,to_date('17/08/09 18:30:00','RR/MM/DD HH24:MI:SS'),10,1,'2');
Insert into BASEBALL.PLAN (TNO1,TNO2,SNO,PLAYDATE,SCORE1,SCORE2,PSTATUS) values (3,10,7,to_date('17/08/09 18:30:00','RR/MM/DD HH24:MI:SS'),7,6,'2');
Insert into BASEBALL.PLAN (TNO1,TNO2,SNO,PLAYDATE,SCORE1,SCORE2,PSTATUS) values (7,2,1,to_date('17/08/10 18:30:00','RR/MM/DD HH24:MI:SS'),4,7,'2');
Insert into BASEBALL.PLAN (TNO1,TNO2,SNO,PLAYDATE,SCORE1,SCORE2,PSTATUS) values (6,5,2,to_date('17/08/10 18:30:00','RR/MM/DD HH24:MI:SS'),1,2,'2');
Insert into BASEBALL.PLAN (TNO1,TNO2,SNO,PLAYDATE,SCORE1,SCORE2,PSTATUS) values (8,9,4,to_date('17/08/10 18:30:00','RR/MM/DD HH24:MI:SS'),null,null,'3');
Insert into BASEBALL.PLAN (TNO1,TNO2,SNO,PLAYDATE,SCORE1,SCORE2,PSTATUS) values (4,3,9,to_date('17/08/10 18:30:00','RR/MM/DD HH24:MI:SS'),3,2,'2');
Insert into BASEBALL.PLAN (TNO1,TNO2,SNO,PLAYDATE,SCORE1,SCORE2,PSTATUS) values (10,1,8,to_date('17/08/10 18:30:00','RR/MM/DD HH24:MI:SS'),null,null,'3');
Insert into BASEBALL.PLAN (TNO1,TNO2,SNO,PLAYDATE,SCORE1,SCORE2,PSTATUS) values (7,2,1,to_date('17/08/11 18:30:00','RR/MM/DD HH24:MI:SS'),6,3,'2');
Insert into BASEBALL.PLAN (TNO1,TNO2,SNO,PLAYDATE,SCORE1,SCORE2,PSTATUS) values (6,5,2,to_date('17/08/11 18:30:00','RR/MM/DD HH24:MI:SS'),6,2,'2');
Insert into BASEBALL.PLAN (TNO1,TNO2,SNO,PLAYDATE,SCORE1,SCORE2,PSTATUS) values (8,9,4,to_date('17/08/11 18:30:00','RR/MM/DD HH24:MI:SS'),8,3,'2');
Insert into BASEBALL.PLAN (TNO1,TNO2,SNO,PLAYDATE,SCORE1,SCORE2,PSTATUS) values (4,3,9,to_date('17/08/11 18:30:00','RR/MM/DD HH24:MI:SS'),3,5,'2');
Insert into BASEBALL.PLAN (TNO1,TNO2,SNO,PLAYDATE,SCORE1,SCORE2,PSTATUS) values (10,1,8,to_date('17/08/11 18:30:00','RR/MM/DD HH24:MI:SS'),9,8,'2');
Insert into BASEBALL.PLAN (TNO1,TNO2,SNO,PLAYDATE,SCORE1,SCORE2,PSTATUS) values (7,8,1,to_date('17/08/12 18:00:00','RR/MM/DD HH24:MI:SS'),1,6,'2');
Insert into BASEBALL.PLAN (TNO1,TNO2,SNO,PLAYDATE,SCORE1,SCORE2,PSTATUS) values (2,4,2,to_date('17/08/12 18:00:00','RR/MM/DD HH24:MI:SS'),3,0,'2');
Insert into BASEBALL.PLAN (TNO1,TNO2,SNO,PLAYDATE,SCORE1,SCORE2,PSTATUS) values (5,10,3,to_date('17/08/12 18:00:00','RR/MM/DD HH24:MI:SS'),8,3,'2');
Insert into BASEBALL.PLAN (TNO1,TNO2,SNO,PLAYDATE,SCORE1,SCORE2,PSTATUS) values (9,3,5,to_date('17/08/12 18:00:00','RR/MM/DD HH24:MI:SS'),13,7,'2');
Insert into BASEBALL.PLAN (TNO1,TNO2,SNO,PLAYDATE,SCORE1,SCORE2,PSTATUS) values (1,6,6,to_date('17/08/12 18:00:00','RR/MM/DD HH24:MI:SS'),11,10,'2');
Insert into BASEBALL.PLAN (TNO1,TNO2,SNO,PLAYDATE,SCORE1,SCORE2,PSTATUS) values (7,8,1,to_date('17/08/13 18:00:00','RR/MM/DD HH24:MI:SS'),9,1,'2');
Insert into BASEBALL.PLAN (TNO1,TNO2,SNO,PLAYDATE,SCORE1,SCORE2,PSTATUS) values (2,4,2,to_date('17/08/13 18:00:00','RR/MM/DD HH24:MI:SS'),2,1,'2');
Insert into BASEBALL.PLAN (TNO1,TNO2,SNO,PLAYDATE,SCORE1,SCORE2,PSTATUS) values (5,10,3,to_date('17/08/13 18:00:00','RR/MM/DD HH24:MI:SS'),3,11,'2');
Insert into BASEBALL.PLAN (TNO1,TNO2,SNO,PLAYDATE,SCORE1,SCORE2,PSTATUS) values (9,3,5,to_date('17/08/13 18:00:00','RR/MM/DD HH24:MI:SS'),7,9,'2');
Insert into BASEBALL.PLAN (TNO1,TNO2,SNO,PLAYDATE,SCORE1,SCORE2,PSTATUS) values (1,6,6,to_date('17/08/13 18:00:00','RR/MM/DD HH24:MI:SS'),null,null,'3');
Insert into BASEBALL.PLAN (TNO1,TNO2,SNO,PLAYDATE,SCORE1,SCORE2,PSTATUS) values (6,10,2,to_date('17/08/15 18:00:00','RR/MM/DD HH24:MI:SS'),null,null,'3');
Insert into BASEBALL.PLAN (TNO1,TNO2,SNO,PLAYDATE,SCORE1,SCORE2,PSTATUS) values (8,5,4,to_date('17/08/15 18:00:00','RR/MM/DD HH24:MI:SS'),null,null,'3');
Insert into BASEBALL.PLAN (TNO1,TNO2,SNO,PLAYDATE,SCORE1,SCORE2,PSTATUS) values (9,7,5,to_date('17/08/15 18:00:00','RR/MM/DD HH24:MI:SS'),null,null,'3');
Insert into BASEBALL.PLAN (TNO1,TNO2,SNO,PLAYDATE,SCORE1,SCORE2,PSTATUS) values (1,4,6,to_date('17/08/15 18:00:00','RR/MM/DD HH24:MI:SS'),4,2,'2');
Insert into BASEBALL.PLAN (TNO1,TNO2,SNO,PLAYDATE,SCORE1,SCORE2,PSTATUS) values (3,2,7,to_date('17/08/15 18:00:00','RR/MM/DD HH24:MI:SS'),8,6,'2');
Insert into BASEBALL.PLAN (TNO1,TNO2,SNO,PLAYDATE,SCORE1,SCORE2,PSTATUS) values (6,10,2,to_date('17/08/16 18:30:00','RR/MM/DD HH24:MI:SS'),2,1,'2');
Insert into BASEBALL.PLAN (TNO1,TNO2,SNO,PLAYDATE,SCORE1,SCORE2,PSTATUS) values (8,5,4,to_date('17/08/16 18:30:00','RR/MM/DD HH24:MI:SS'),8,5,'2');
Insert into BASEBALL.PLAN (TNO1,TNO2,SNO,PLAYDATE,SCORE1,SCORE2,PSTATUS) values (9,7,5,to_date('17/08/16 18:30:00','RR/MM/DD HH24:MI:SS'),5,6,'2');
Insert into BASEBALL.PLAN (TNO1,TNO2,SNO,PLAYDATE,SCORE1,SCORE2,PSTATUS) values (1,4,6,to_date('17/08/16 18:30:00','RR/MM/DD HH24:MI:SS'),4,3,'2');
Insert into BASEBALL.PLAN (TNO1,TNO2,SNO,PLAYDATE,SCORE1,SCORE2,PSTATUS) values (3,2,7,to_date('17/08/16 18:30:00','RR/MM/DD HH24:MI:SS'),4,2,'2');
Insert into BASEBALL.PLAN (TNO1,TNO2,SNO,PLAYDATE,SCORE1,SCORE2,PSTATUS) values (7,3,1,to_date('17/08/17 18:30:00','RR/MM/DD HH24:MI:SS'),3,5,'2');
Insert into BASEBALL.PLAN (TNO1,TNO2,SNO,PLAYDATE,SCORE1,SCORE2,PSTATUS) values (2,1,2,to_date('17/08/17 18:30:00','RR/MM/DD HH24:MI:SS'),4,1,'2');
Insert into BASEBALL.PLAN (TNO1,TNO2,SNO,PLAYDATE,SCORE1,SCORE2,PSTATUS) values (5,6,3,to_date('17/08/17 18:30:00','RR/MM/DD HH24:MI:SS'),6,1,'2');
Insert into BASEBALL.PLAN (TNO1,TNO2,SNO,PLAYDATE,SCORE1,SCORE2,PSTATUS) values (4,8,9,to_date('17/08/17 18:30:00','RR/MM/DD HH24:MI:SS'),3,1,'2');
Insert into BASEBALL.PLAN (TNO1,TNO2,SNO,PLAYDATE,SCORE1,SCORE2,PSTATUS) values (10,9,8,to_date('17/08/17 18:30:00','RR/MM/DD HH24:MI:SS'),4,6,'2');
Insert into BASEBALL.PLAN (TNO1,TNO2,SNO,PLAYDATE,SCORE1,SCORE2,PSTATUS) values (7,3,1,to_date('17/08/18 18:30:00','RR/MM/DD HH24:MI:SS'),5,8,'2');
Insert into BASEBALL.PLAN (TNO1,TNO2,SNO,PLAYDATE,SCORE1,SCORE2,PSTATUS) values (2,1,2,to_date('17/08/18 18:30:00','RR/MM/DD HH24:MI:SS'),2,1,'2');
Insert into BASEBALL.PLAN (TNO1,TNO2,SNO,PLAYDATE,SCORE1,SCORE2,PSTATUS) values (5,6,3,to_date('17/08/18 18:30:00','RR/MM/DD HH24:MI:SS'),8,2,'2');
Insert into BASEBALL.PLAN (TNO1,TNO2,SNO,PLAYDATE,SCORE1,SCORE2,PSTATUS) values (4,8,9,to_date('17/08/18 18:30:00','RR/MM/DD HH24:MI:SS'),9,14,'2');
Insert into BASEBALL.PLAN (TNO1,TNO2,SNO,PLAYDATE,SCORE1,SCORE2,PSTATUS) values (10,9,8,to_date('17/08/18 18:30:00','RR/MM/DD HH24:MI:SS'),1,5,'2');
Insert into BASEBALL.PLAN (TNO1,TNO2,SNO,PLAYDATE,SCORE1,SCORE2,PSTATUS) values (7,4,1,to_date('17/08/19 18:00:00','RR/MM/DD HH24:MI:SS'),4,3,'2');
Insert into BASEBALL.PLAN (TNO1,TNO2,SNO,PLAYDATE,SCORE1,SCORE2,PSTATUS) values (6,9,2,to_date('17/08/19 18:00:00','RR/MM/DD HH24:MI:SS'),6,4,'2');
Insert into BASEBALL.PLAN (TNO1,TNO2,SNO,PLAYDATE,SCORE1,SCORE2,PSTATUS) values (8,3,4,to_date('17/08/19 18:00:00','RR/MM/DD HH24:MI:SS'),2,0,'2');
Insert into BASEBALL.PLAN (TNO1,TNO2,SNO,PLAYDATE,SCORE1,SCORE2,PSTATUS) values (1,5,6,to_date('17/08/19 18:00:00','RR/MM/DD HH24:MI:SS'),1,13,'2');
Insert into BASEBALL.PLAN (TNO1,TNO2,SNO,PLAYDATE,SCORE1,SCORE2,PSTATUS) values (10,2,8,to_date('17/08/19 18:00:00','RR/MM/DD HH24:MI:SS'),4,10,'2');
Insert into BASEBALL.PLAN (TNO1,TNO2,SNO,PLAYDATE,SCORE1,SCORE2,PSTATUS) values (7,4,1,to_date('17/08/20 18:00:00','RR/MM/DD HH24:MI:SS'),3,4,'2');
Insert into BASEBALL.PLAN (TNO1,TNO2,SNO,PLAYDATE,SCORE1,SCORE2,PSTATUS) values (6,9,2,to_date('17/08/20 18:00:00','RR/MM/DD HH24:MI:SS'),null,null,'3');
Insert into BASEBALL.PLAN (TNO1,TNO2,SNO,PLAYDATE,SCORE1,SCORE2,PSTATUS) values (8,3,4,to_date('17/08/20 18:00:00','RR/MM/DD HH24:MI:SS'),3,4,'2');
Insert into BASEBALL.PLAN (TNO1,TNO2,SNO,PLAYDATE,SCORE1,SCORE2,PSTATUS) values (1,5,6,to_date('17/08/20 18:00:00','RR/MM/DD HH24:MI:SS'),null,null,'3');
Insert into BASEBALL.PLAN (TNO1,TNO2,SNO,PLAYDATE,SCORE1,SCORE2,PSTATUS) values (10,2,8,to_date('17/08/20 18:00:00','RR/MM/DD HH24:MI:SS'),2,1,'2');
Insert into BASEBALL.PLAN (TNO1,TNO2,SNO,PLAYDATE,SCORE1,SCORE2,PSTATUS) values (7,9,1,to_date('17/08/22 18:30:00','RR/MM/DD HH24:MI:SS'),11,5,'2');
Insert into BASEBALL.PLAN (TNO1,TNO2,SNO,PLAYDATE,SCORE1,SCORE2,PSTATUS) values (6,4,2,to_date('17/08/22 18:30:00','RR/MM/DD HH24:MI:SS'),3,4,'2');
Insert into BASEBALL.PLAN (TNO1,TNO2,SNO,PLAYDATE,SCORE1,SCORE2,PSTATUS) values (5,2,3,to_date('17/08/22 18:30:00','RR/MM/DD HH24:MI:SS'),6,10,'2');
Insert into BASEBALL.PLAN (TNO1,TNO2,SNO,PLAYDATE,SCORE1,SCORE2,PSTATUS) values (1,3,6,to_date('17/08/22 18:30:00','RR/MM/DD HH24:MI:SS'),3,7,'2');
Insert into BASEBALL.PLAN (TNO1,TNO2,SNO,PLAYDATE,SCORE1,SCORE2,PSTATUS) values (10,8,8,to_date('17/08/22 18:30:00','RR/MM/DD HH24:MI:SS'),2,3,'2');
Insert into BASEBALL.PLAN (TNO1,TNO2,SNO,PLAYDATE,SCORE1,SCORE2,PSTATUS) values (7,9,1,to_date('17/08/23 18:30:00','RR/MM/DD HH24:MI:SS'),5,1,'2');
Insert into BASEBALL.PLAN (TNO1,TNO2,SNO,PLAYDATE,SCORE1,SCORE2,PSTATUS) values (6,4,2,to_date('17/08/23 18:30:00','RR/MM/DD HH24:MI:SS'),9,3,'2');
Insert into BASEBALL.PLAN (TNO1,TNO2,SNO,PLAYDATE,SCORE1,SCORE2,PSTATUS) values (5,2,3,to_date('17/08/23 18:30:00','RR/MM/DD HH24:MI:SS'),1,4,'2');
Insert into BASEBALL.PLAN (TNO1,TNO2,SNO,PLAYDATE,SCORE1,SCORE2,PSTATUS) values (1,3,6,to_date('17/08/23 18:30:00','RR/MM/DD HH24:MI:SS'),5,7,'2');
Insert into BASEBALL.PLAN (TNO1,TNO2,SNO,PLAYDATE,SCORE1,SCORE2,PSTATUS) values (10,8,8,to_date('17/08/23 18:30:00','RR/MM/DD HH24:MI:SS'),9,10,'2');
Insert into BASEBALL.PLAN (TNO1,TNO2,SNO,PLAYDATE,SCORE1,SCORE2,PSTATUS) values (2,7,2,to_date('17/08/24 18:30:00','RR/MM/DD HH24:MI:SS'),6,5,'2');
Insert into BASEBALL.PLAN (TNO1,TNO2,SNO,PLAYDATE,SCORE1,SCORE2,PSTATUS) values (8,1,4,to_date('17/08/24 18:30:00','RR/MM/DD HH24:MI:SS'),null,null,'3');
Insert into BASEBALL.PLAN (TNO1,TNO2,SNO,PLAYDATE,SCORE1,SCORE2,PSTATUS) values (9,5,5,to_date('17/08/24 18:30:00','RR/MM/DD HH24:MI:SS'),7,9,'2');
Insert into BASEBALL.PLAN (TNO1,TNO2,SNO,PLAYDATE,SCORE1,SCORE2,PSTATUS) values (3,6,7,to_date('17/08/24 18:30:00','RR/MM/DD HH24:MI:SS'),11,0,'2');
Insert into BASEBALL.PLAN (TNO1,TNO2,SNO,PLAYDATE,SCORE1,SCORE2,PSTATUS) values (4,10,9,to_date('17/08/24 18:30:00','RR/MM/DD HH24:MI:SS'),7,1,'2');
Insert into BASEBALL.PLAN (TNO1,TNO2,SNO,PLAYDATE,SCORE1,SCORE2,PSTATUS) values (2,7,2,to_date('17/08/25 18:30:00','RR/MM/DD HH24:MI:SS'),4,3,'2');
Insert into BASEBALL.PLAN (TNO1,TNO2,SNO,PLAYDATE,SCORE1,SCORE2,PSTATUS) values (8,1,4,to_date('17/08/25 18:30:00','RR/MM/DD HH24:MI:SS'),6,3,'2');
Insert into BASEBALL.PLAN (TNO1,TNO2,SNO,PLAYDATE,SCORE1,SCORE2,PSTATUS) values (9,5,5,to_date('17/08/25 18:30:00','RR/MM/DD HH24:MI:SS'),5,7,'2');
Insert into BASEBALL.PLAN (TNO1,TNO2,SNO,PLAYDATE,SCORE1,SCORE2,PSTATUS) values (3,6,7,to_date('17/08/25 18:30:00','RR/MM/DD HH24:MI:SS'),8,2,'2');
Insert into BASEBALL.PLAN (TNO1,TNO2,SNO,PLAYDATE,SCORE1,SCORE2,PSTATUS) values (4,10,9,to_date('17/08/25 18:30:00','RR/MM/DD HH24:MI:SS'),7,5,'2');
Insert into BASEBALL.PLAN (TNO1,TNO2,SNO,PLAYDATE,SCORE1,SCORE2,PSTATUS) values (2,6,2,to_date('17/08/26 18:00:00','RR/MM/DD HH24:MI:SS'),5,4,'2');
Insert into BASEBALL.PLAN (TNO1,TNO2,SNO,PLAYDATE,SCORE1,SCORE2,PSTATUS) values (5,8,3,to_date('17/08/26 18:00:00','RR/MM/DD HH24:MI:SS'),2,1,'2');
Insert into BASEBALL.PLAN (TNO1,TNO2,SNO,PLAYDATE,SCORE1,SCORE2,PSTATUS) values (9,10,5,to_date('17/08/26 18:00:00','RR/MM/DD HH24:MI:SS'),14,8,'2');
Insert into BASEBALL.PLAN (TNO1,TNO2,SNO,PLAYDATE,SCORE1,SCORE2,PSTATUS) values (3,7,7,to_date('17/08/26 18:00:00','RR/MM/DD HH24:MI:SS'),6,1,'2');
Insert into BASEBALL.PLAN (TNO1,TNO2,SNO,PLAYDATE,SCORE1,SCORE2,PSTATUS) values (4,1,9,to_date('17/08/26 18:00:00','RR/MM/DD HH24:MI:SS'),7,8,'2');
Insert into BASEBALL.PLAN (TNO1,TNO2,SNO,PLAYDATE,SCORE1,SCORE2,PSTATUS) values (2,6,2,to_date('17/08/27 18:00:00','RR/MM/DD HH24:MI:SS'),1,1,'2');
Insert into BASEBALL.PLAN (TNO1,TNO2,SNO,PLAYDATE,SCORE1,SCORE2,PSTATUS) values (5,8,3,to_date('17/08/27 18:00:00','RR/MM/DD HH24:MI:SS'),4,2,'2');
Insert into BASEBALL.PLAN (TNO1,TNO2,SNO,PLAYDATE,SCORE1,SCORE2,PSTATUS) values (9,10,5,to_date('17/08/27 18:00:00','RR/MM/DD HH24:MI:SS'),2,3,'2');
Insert into BASEBALL.PLAN (TNO1,TNO2,SNO,PLAYDATE,SCORE1,SCORE2,PSTATUS) values (3,7,7,to_date('17/08/27 18:00:00','RR/MM/DD HH24:MI:SS'),8,9,'2');
Insert into BASEBALL.PLAN (TNO1,TNO2,SNO,PLAYDATE,SCORE1,SCORE2,PSTATUS) values (4,1,9,to_date('17/08/27 18:00:00','RR/MM/DD HH24:MI:SS'),5,4,'2');
Insert into BASEBALL.PLAN (TNO1,TNO2,SNO,PLAYDATE,SCORE1,SCORE2,PSTATUS) values (7,5,1,to_date('17/08/29 18:30:00','RR/MM/DD HH24:MI:SS'),8,4,'2');
Insert into BASEBALL.PLAN (TNO1,TNO2,SNO,PLAYDATE,SCORE1,SCORE2,PSTATUS) values (2,3,2,to_date('17/08/29 18:30:00','RR/MM/DD HH24:MI:SS'),7,5,'2');
Insert into BASEBALL.PLAN (TNO1,TNO2,SNO,PLAYDATE,SCORE1,SCORE2,PSTATUS) values (8,6,4,to_date('17/08/29 18:30:00','RR/MM/DD HH24:MI:SS'),8,4,'2');
Insert into BASEBALL.PLAN (TNO1,TNO2,SNO,PLAYDATE,SCORE1,SCORE2,PSTATUS) values (9,1,5,to_date('17/08/29 18:30:00','RR/MM/DD HH24:MI:SS'),9,10,'2');
Insert into BASEBALL.PLAN (TNO1,TNO2,SNO,PLAYDATE,SCORE1,SCORE2,PSTATUS) values (10,4,8,to_date('17/08/29 18:30:00','RR/MM/DD HH24:MI:SS'),2,13,'2');
Insert into BASEBALL.PLAN (TNO1,TNO2,SNO,PLAYDATE,SCORE1,SCORE2,PSTATUS) values (7,5,1,to_date('17/08/30 18:30:00','RR/MM/DD HH24:MI:SS'),10,0,'2');
Insert into BASEBALL.PLAN (TNO1,TNO2,SNO,PLAYDATE,SCORE1,SCORE2,PSTATUS) values (2,3,2,to_date('17/08/30 18:30:00','RR/MM/DD HH24:MI:SS'),2,5,'2');
Insert into BASEBALL.PLAN (TNO1,TNO2,SNO,PLAYDATE,SCORE1,SCORE2,PSTATUS) values (8,6,4,to_date('17/08/30 18:30:00','RR/MM/DD HH24:MI:SS'),5,6,'2');
Insert into BASEBALL.PLAN (TNO1,TNO2,SNO,PLAYDATE,SCORE1,SCORE2,PSTATUS) values (9,1,5,to_date('17/08/30 18:30:00','RR/MM/DD HH24:MI:SS'),1,5,'2');
Insert into BASEBALL.PLAN (TNO1,TNO2,SNO,PLAYDATE,SCORE1,SCORE2,PSTATUS) values (10,4,8,to_date('17/08/30 18:30:00','RR/MM/DD HH24:MI:SS'),9,5,'2');
Insert into BASEBALL.PLAN (TNO1,TNO2,SNO,PLAYDATE,SCORE1,SCORE2,PSTATUS) values (6,7,2,to_date('17/08/31 18:30:00','RR/MM/DD HH24:MI:SS'),3,5,'2');
Insert into BASEBALL.PLAN (TNO1,TNO2,SNO,PLAYDATE,SCORE1,SCORE2,PSTATUS) values (6,1,2,to_date('17/07/01 18:00:00','RR/MM/DD HH24:MI:SS'),4,10,'2');
Insert into BASEBALL.PLAN (TNO1,TNO2,SNO,PLAYDATE,SCORE1,SCORE2,PSTATUS) values (5,9,3,to_date('17/07/01 18:00:00','RR/MM/DD HH24:MI:SS'),4,7,'2');
Insert into BASEBALL.PLAN (TNO1,TNO2,SNO,PLAYDATE,SCORE1,SCORE2,PSTATUS) values (8,2,4,to_date('17/07/01 18:00:00','RR/MM/DD HH24:MI:SS'),9,3,'2');
Insert into BASEBALL.PLAN (TNO1,TNO2,SNO,PLAYDATE,SCORE1,SCORE2,PSTATUS) values (3,4,7,to_date('17/07/01 18:00:00','RR/MM/DD HH24:MI:SS'),9,5,'2');
Insert into BASEBALL.PLAN (TNO1,TNO2,SNO,PLAYDATE,SCORE1,SCORE2,PSTATUS) values (10,7,8,to_date('17/07/01 18:00:00','RR/MM/DD HH24:MI:SS'),null,null,'3');
Insert into BASEBALL.PLAN (TNO1,TNO2,SNO,PLAYDATE,SCORE1,SCORE2,PSTATUS) values (6,1,2,to_date('17/07/02 18:00:00','RR/MM/DD HH24:MI:SS'),4,13,'2');
Insert into BASEBALL.PLAN (TNO1,TNO2,SNO,PLAYDATE,SCORE1,SCORE2,PSTATUS) values (5,9,3,to_date('17/07/02 18:00:00','RR/MM/DD HH24:MI:SS'),6,5,'2');
Insert into BASEBALL.PLAN (TNO1,TNO2,SNO,PLAYDATE,SCORE1,SCORE2,PSTATUS) values (8,2,4,to_date('17/07/02 18:00:00','RR/MM/DD HH24:MI:SS'),null,null,'3');
Insert into BASEBALL.PLAN (TNO1,TNO2,SNO,PLAYDATE,SCORE1,SCORE2,PSTATUS) values (3,4,7,to_date('17/07/02 18:00:00','RR/MM/DD HH24:MI:SS'),2,1,'2');
Insert into BASEBALL.PLAN (TNO1,TNO2,SNO,PLAYDATE,SCORE1,SCORE2,PSTATUS) values (10,7,8,to_date('17/07/02 18:00:00','RR/MM/DD HH24:MI:SS'),1,5,'2');
Insert into BASEBALL.PLAN (TNO1,TNO2,SNO,PLAYDATE,SCORE1,SCORE2,PSTATUS) values (7,8,1,to_date('17/07/04 18:30:00','RR/MM/DD HH24:MI:SS'),7,5,'2');
Insert into BASEBALL.PLAN (TNO1,TNO2,SNO,PLAYDATE,SCORE1,SCORE2,PSTATUS) values (2,10,2,to_date('17/07/04 18:30:00','RR/MM/DD HH24:MI:SS'),8,1,'2');
Insert into BASEBALL.PLAN (TNO1,TNO2,SNO,PLAYDATE,SCORE1,SCORE2,PSTATUS) values (5,1,3,to_date('17/07/04 18:30:00','RR/MM/DD HH24:MI:SS'),6,15,'2');
Insert into BASEBALL.PLAN (TNO1,TNO2,SNO,PLAYDATE,SCORE1,SCORE2,PSTATUS) values (4,6,9,to_date('17/07/04 18:30:00','RR/MM/DD HH24:MI:SS'),null,null,'3');
Insert into BASEBALL.PLAN (TNO1,TNO2,SNO,PLAYDATE,SCORE1,SCORE2,PSTATUS) values (9,3,12,to_date('17/07/04 18:30:00','RR/MM/DD HH24:MI:SS'),4,2,'2');
Insert into BASEBALL.PLAN (TNO1,TNO2,SNO,PLAYDATE,SCORE1,SCORE2,PSTATUS) values (7,8,1,to_date('17/07/05 18:30:00','RR/MM/DD HH24:MI:SS'),12,7,'2');
Insert into BASEBALL.PLAN (TNO1,TNO2,SNO,PLAYDATE,SCORE1,SCORE2,PSTATUS) values (2,10,2,to_date('17/07/05 18:30:00','RR/MM/DD HH24:MI:SS'),3,1,'2');
Insert into BASEBALL.PLAN (TNO1,TNO2,SNO,PLAYDATE,SCORE1,SCORE2,PSTATUS) values (5,1,3,to_date('17/07/05 18:30:00','RR/MM/DD HH24:MI:SS'),18,17,'2');
Insert into BASEBALL.PLAN (TNO1,TNO2,SNO,PLAYDATE,SCORE1,SCORE2,PSTATUS) values (4,6,9,to_date('17/07/05 18:30:00','RR/MM/DD HH24:MI:SS'),5,12,'2');
Insert into BASEBALL.PLAN (TNO1,TNO2,SNO,PLAYDATE,SCORE1,SCORE2,PSTATUS) values (9,3,12,to_date('17/07/05 18:30:00','RR/MM/DD HH24:MI:SS'),6,5,'2');
Insert into BASEBALL.PLAN (TNO1,TNO2,SNO,PLAYDATE,SCORE1,SCORE2,PSTATUS) values (7,8,1,to_date('17/07/06 18:30:00','RR/MM/DD HH24:MI:SS'),13,6,'2');
Insert into BASEBALL.PLAN (TNO1,TNO2,SNO,PLAYDATE,SCORE1,SCORE2,PSTATUS) values (2,10,2,to_date('17/07/06 18:30:00','RR/MM/DD HH24:MI:SS'),null,null,'3');
Insert into BASEBALL.PLAN (TNO1,TNO2,SNO,PLAYDATE,SCORE1,SCORE2,PSTATUS) values (5,1,3,to_date('17/07/06 18:30:00','RR/MM/DD HH24:MI:SS'),3,5,'2');
Insert into BASEBALL.PLAN (TNO1,TNO2,SNO,PLAYDATE,SCORE1,SCORE2,PSTATUS) values (4,6,9,to_date('17/07/06 18:30:00','RR/MM/DD HH24:MI:SS'),null,null,'3');
Insert into BASEBALL.PLAN (TNO1,TNO2,SNO,PLAYDATE,SCORE1,SCORE2,PSTATUS) values (7,1,1,to_date('18/01/03 14:00:00','RR/MM/DD HH24:MI:SS'),8,7,'2');
Insert into BASEBALL.PLAN (TNO1,TNO2,SNO,PLAYDATE,SCORE1,SCORE2,PSTATUS) values (2,9,2,to_date('18/01/03 14:00:00','RR/MM/DD HH24:MI:SS'),7,1,'2');
Insert into BASEBALL.PLAN (TNO1,TNO2,SNO,PLAYDATE,SCORE1,SCORE2,PSTATUS) values (3,8,7,to_date('18/01/03 14:00:00','RR/MM/DD HH24:MI:SS'),7,2,'2');
Insert into BASEBALL.PLAN (TNO1,TNO2,SNO,PLAYDATE,SCORE1,SCORE2,PSTATUS) values (4,6,9,to_date('18/01/03 14:00:00','RR/MM/DD HH24:MI:SS'),5,0,'2');
Insert into BASEBALL.PLAN (TNO1,TNO2,SNO,PLAYDATE,SCORE1,SCORE2,PSTATUS) values (10,5,8,to_date('18/01/03 14:00:00','RR/MM/DD HH24:MI:SS'),13,5,'2');
Insert into BASEBALL.PLAN (TNO1,TNO2,SNO,PLAYDATE,SCORE1,SCORE2,PSTATUS) values (6,1,2,to_date('18/01/05 18:30:00','RR/MM/DD HH24:MI:SS'),4,3,'2');
Insert into BASEBALL.PLAN (TNO1,TNO2,SNO,PLAYDATE,SCORE1,SCORE2,PSTATUS) values (5,3,3,to_date('18/01/05 18:30:00','RR/MM/DD HH24:MI:SS'),6,2,'2');
Insert into BASEBALL.PLAN (TNO1,TNO2,SNO,PLAYDATE,SCORE1,SCORE2,PSTATUS) values (8,2,4,to_date('18/01/05 18:30:00','RR/MM/DD HH24:MI:SS'),6,4,'2');
Insert into BASEBALL.PLAN (TNO1,TNO2,SNO,PLAYDATE,SCORE1,SCORE2,PSTATUS) values (9,4,5,to_date('18/01/05 18:30:00','RR/MM/DD HH24:MI:SS'),9,3,'2');
Insert into BASEBALL.PLAN (TNO1,TNO2,SNO,PLAYDATE,SCORE1,SCORE2,PSTATUS) values (10,7,8,to_date('18/01/05 18:30:00','RR/MM/DD HH24:MI:SS'),5,1,'2');
Insert into BASEBALL.PLAN (TNO1,TNO2,SNO,PLAYDATE,SCORE1,SCORE2,PSTATUS) values (6,1,2,to_date('18/01/06 18:30:00','RR/MM/DD HH24:MI:SS'),6,0,'2');
Insert into BASEBALL.PLAN (TNO1,TNO2,SNO,PLAYDATE,SCORE1,SCORE2,PSTATUS) values (5,3,3,to_date('18/01/06 18:30:00','RR/MM/DD HH24:MI:SS'),null,null,'3');
Insert into BASEBALL.PLAN (TNO1,TNO2,SNO,PLAYDATE,SCORE1,SCORE2,PSTATUS) values (8,2,4,to_date('18/01/06 18:30:00','RR/MM/DD HH24:MI:SS'),9,13,'2');
Insert into BASEBALL.PLAN (TNO1,TNO2,SNO,PLAYDATE,SCORE1,SCORE2,PSTATUS) values (9,4,5,to_date('18/01/06 18:30:00','RR/MM/DD HH24:MI:SS'),null,null,'3');
Insert into BASEBALL.PLAN (TNO1,TNO2,SNO,PLAYDATE,SCORE1,SCORE2,PSTATUS) values (10,7,8,to_date('18/01/06 18:30:00','RR/MM/DD HH24:MI:SS'),5,4,'2');
Insert into BASEBALL.PLAN (TNO1,TNO2,SNO,PLAYDATE,SCORE1,SCORE2,PSTATUS) values (7,6,1,to_date('18/01/07 18:30:00','RR/MM/DD HH24:MI:SS'),1,1,'2');
Insert into BASEBALL.PLAN (TNO1,TNO2,SNO,PLAYDATE,SCORE1,SCORE2,PSTATUS) values (2,10,2,to_date('18/01/07 18:30:00','RR/MM/DD HH24:MI:SS'),3,7,'2');
Insert into BASEBALL.PLAN (TNO1,TNO2,SNO,PLAYDATE,SCORE1,SCORE2,PSTATUS) values (1,8,6,to_date('18/01/07 18:30:00','RR/MM/DD HH24:MI:SS'),2,11,'2');
Insert into BASEBALL.PLAN (TNO1,TNO2,SNO,PLAYDATE,SCORE1,SCORE2,PSTATUS) values (3,9,7,to_date('18/01/07 18:30:00','RR/MM/DD HH24:MI:SS'),5,6,'2');
Insert into BASEBALL.PLAN (TNO1,TNO2,SNO,PLAYDATE,SCORE1,SCORE2,PSTATUS) values (4,5,9,to_date('18/01/07 18:30:00','RR/MM/DD HH24:MI:SS'),4,3,'2');
Insert into BASEBALL.PLAN (TNO1,TNO2,SNO,PLAYDATE,SCORE1,SCORE2,PSTATUS) values (7,6,1,to_date('18/01/08 18:30:00','RR/MM/DD HH24:MI:SS'),9,10,'2');
Insert into BASEBALL.PLAN (TNO1,TNO2,SNO,PLAYDATE,SCORE1,SCORE2,PSTATUS) values (2,10,2,to_date('18/01/08 18:30:00','RR/MM/DD HH24:MI:SS'),3,2,'2');
Insert into BASEBALL.PLAN (TNO1,TNO2,SNO,PLAYDATE,SCORE1,SCORE2,PSTATUS) values (1,8,6,to_date('18/01/08 18:30:00','RR/MM/DD HH24:MI:SS'),9,5,'2');
Insert into BASEBALL.PLAN (TNO1,TNO2,SNO,PLAYDATE,SCORE1,SCORE2,PSTATUS) values (3,9,7,to_date('18/01/08 18:30:00','RR/MM/DD HH24:MI:SS'),6,5,'2');
Insert into BASEBALL.PLAN (TNO1,TNO2,SNO,PLAYDATE,SCORE1,SCORE2,PSTATUS) values (4,5,9,to_date('18/01/08 18:30:00','RR/MM/DD HH24:MI:SS'),4,2,'2');
Insert into BASEBALL.PLAN (TNO1,TNO2,SNO,PLAYDATE,SCORE1,SCORE2,PSTATUS) values (6,2,2,to_date('18/01/09 17:00:00','RR/MM/DD HH24:MI:SS'),4,3,'2');
Insert into BASEBALL.PLAN (TNO1,TNO2,SNO,PLAYDATE,SCORE1,SCORE2,PSTATUS) values (5,7,3,to_date('18/01/09 17:00:00','RR/MM/DD HH24:MI:SS'),2,1,'2');
Insert into BASEBALL.PLAN (TNO1,TNO2,SNO,PLAYDATE,SCORE1,SCORE2,PSTATUS) values (8,4,4,to_date('18/01/09 17:00:00','RR/MM/DD HH24:MI:SS'),6,3,'2');
Insert into BASEBALL.PLAN (TNO1,TNO2,SNO,PLAYDATE,SCORE1,SCORE2,PSTATUS) values (1,9,6,to_date('18/01/09 17:00:00','RR/MM/DD HH24:MI:SS'),6,5,'2');
Insert into BASEBALL.PLAN (TNO1,TNO2,SNO,PLAYDATE,SCORE1,SCORE2,PSTATUS) values (10,3,8,to_date('18/01/09 17:00:00','RR/MM/DD HH24:MI:SS'),3,2,'2');
Insert into BASEBALL.PLAN (TNO1,TNO2,SNO,PLAYDATE,SCORE1,SCORE2,PSTATUS) values (6,2,2,to_date('18/01/10 14:00:00','RR/MM/DD HH24:MI:SS'),1,5,'2');
Insert into BASEBALL.PLAN (TNO1,TNO2,SNO,PLAYDATE,SCORE1,SCORE2,PSTATUS) values (5,7,3,to_date('18/01/10 14:00:00','RR/MM/DD HH24:MI:SS'),17,8,'2');
Insert into BASEBALL.PLAN (TNO1,TNO2,SNO,PLAYDATE,SCORE1,SCORE2,PSTATUS) values (8,4,4,to_date('18/01/10 14:00:00','RR/MM/DD HH24:MI:SS'),5,11,'2');
Insert into BASEBALL.PLAN (TNO1,TNO2,SNO,PLAYDATE,SCORE1,SCORE2,PSTATUS) values (1,9,6,to_date('18/01/10 14:00:00','RR/MM/DD HH24:MI:SS'),6,9,'2');
Insert into BASEBALL.PLAN (TNO1,TNO2,SNO,PLAYDATE,SCORE1,SCORE2,PSTATUS) values (10,3,8,to_date('18/01/10 14:00:00','RR/MM/DD HH24:MI:SS'),5,7,'2');
Insert into BASEBALL.PLAN (TNO1,TNO2,SNO,PLAYDATE,SCORE1,SCORE2,PSTATUS) values (7,10,1,to_date('18/01/12 18:30:00','RR/MM/DD HH24:MI:SS'),2,3,'2');
Insert into BASEBALL.PLAN (TNO1,TNO2,SNO,PLAYDATE,SCORE1,SCORE2,PSTATUS) values (6,3,2,to_date('18/01/12 18:30:00','RR/MM/DD HH24:MI:SS'),1,2,'2');
Insert into BASEBALL.PLAN (TNO1,TNO2,SNO,PLAYDATE,SCORE1,SCORE2,PSTATUS) values (5,1,3,to_date('18/01/12 18:30:00','RR/MM/DD HH24:MI:SS'),2,6,'2');
Insert into BASEBALL.PLAN (TNO1,TNO2,SNO,PLAYDATE,SCORE1,SCORE2,PSTATUS) values (9,8,5,to_date('18/01/12 18:30:00','RR/MM/DD HH24:MI:SS'),2,6,'2');
Insert into BASEBALL.PLAN (TNO1,TNO2,SNO,PLAYDATE,SCORE1,SCORE2,PSTATUS) values (4,2,9,to_date('18/01/12 18:30:00','RR/MM/DD HH24:MI:SS'),13,14,'2');
Insert into BASEBALL.PLAN (TNO1,TNO2,SNO,PLAYDATE,SCORE1,SCORE2,PSTATUS) values (6,3,2,to_date('18/01/13 18:30:00','RR/MM/DD HH24:MI:SS'),3,1,'2');
Insert into BASEBALL.PLAN (TNO1,TNO2,SNO,PLAYDATE,SCORE1,SCORE2,PSTATUS) values (5,1,3,to_date('18/01/13 18:30:00','RR/MM/DD HH24:MI:SS'),15,10,'2');
Insert into BASEBALL.PLAN (TNO1,TNO2,SNO,PLAYDATE,SCORE1,SCORE2,PSTATUS) values (9,8,5,to_date('18/01/13 18:30:00','RR/MM/DD HH24:MI:SS'),13,5,'2');
Insert into BASEBALL.PLAN (TNO1,TNO2,SNO,PLAYDATE,SCORE1,SCORE2,PSTATUS) values (4,2,9,to_date('18/01/13 18:30:00','RR/MM/DD HH24:MI:SS'),3,13,'2');
Insert into BASEBALL.PLAN (TNO1,TNO2,SNO,PLAYDATE,SCORE1,SCORE2,PSTATUS) values (2,5,2,to_date('18/01/14 18:30:00','RR/MM/DD HH24:MI:SS'),6,8,'2');
Insert into BASEBALL.PLAN (TNO1,TNO2,SNO,PLAYDATE,SCORE1,SCORE2,PSTATUS) values (8,7,4,to_date('18/01/14 18:30:00','RR/MM/DD HH24:MI:SS'),10,2,'2');
Insert into BASEBALL.PLAN (TNO1,TNO2,SNO,PLAYDATE,SCORE1,SCORE2,PSTATUS) values (3,1,7,to_date('18/01/14 18:30:00','RR/MM/DD HH24:MI:SS'),2,11,'2');
Insert into BASEBALL.PLAN (TNO1,TNO2,SNO,PLAYDATE,SCORE1,SCORE2,PSTATUS) values (4,9,9,to_date('18/01/14 18:30:00','RR/MM/DD HH24:MI:SS'),11,11,'2');
Insert into BASEBALL.PLAN (TNO1,TNO2,SNO,PLAYDATE,SCORE1,SCORE2,PSTATUS) values (10,6,8,to_date('18/01/14 18:30:00','RR/MM/DD HH24:MI:SS'),12,11,'2');
Insert into BASEBALL.PLAN (TNO1,TNO2,SNO,PLAYDATE,SCORE1,SCORE2,PSTATUS) values (2,5,2,to_date('18/01/15 18:30:00','RR/MM/DD HH24:MI:SS'),0,5,'2');
Insert into BASEBALL.PLAN (TNO1,TNO2,SNO,PLAYDATE,SCORE1,SCORE2,PSTATUS) values (8,7,4,to_date('18/01/15 18:30:00','RR/MM/DD HH24:MI:SS'),6,4,'2');
Insert into BASEBALL.PLAN (TNO1,TNO2,SNO,PLAYDATE,SCORE1,SCORE2,PSTATUS) values (3,1,7,to_date('18/01/15 18:30:00','RR/MM/DD HH24:MI:SS'),4,3,'2');
Insert into BASEBALL.PLAN (TNO1,TNO2,SNO,PLAYDATE,SCORE1,SCORE2,PSTATUS) values (4,9,9,to_date('18/01/15 18:30:00','RR/MM/DD HH24:MI:SS'),3,11,'2');
Insert into BASEBALL.PLAN (TNO1,TNO2,SNO,PLAYDATE,SCORE1,SCORE2,PSTATUS) values (10,6,8,to_date('18/01/15 18:30:00','RR/MM/DD HH24:MI:SS'),5,4,'2');
Insert into BASEBALL.PLAN (TNO1,TNO2,SNO,PLAYDATE,SCORE1,SCORE2,PSTATUS) values (6,8,2,to_date('18/01/16 17:00:00','RR/MM/DD HH24:MI:SS'),1,3,'2');
Insert into BASEBALL.PLAN (TNO1,TNO2,SNO,PLAYDATE,SCORE1,SCORE2,PSTATUS) values (9,2,5,to_date('18/01/16 17:00:00','RR/MM/DD HH24:MI:SS'),5,9,'2');
Insert into BASEBALL.PLAN (TNO1,TNO2,SNO,PLAYDATE,SCORE1,SCORE2,PSTATUS) values (1,10,6,to_date('18/01/16 17:00:00','RR/MM/DD HH24:MI:SS'),17,3,'2');
Insert into BASEBALL.PLAN (TNO1,TNO2,SNO,PLAYDATE,SCORE1,SCORE2,PSTATUS) values (3,5,7,to_date('18/01/16 17:00:00','RR/MM/DD HH24:MI:SS'),6,1,'2');
Insert into BASEBALL.PLAN (TNO1,TNO2,SNO,PLAYDATE,SCORE1,SCORE2,PSTATUS) values (4,7,9,to_date('18/01/16 17:00:00','RR/MM/DD HH24:MI:SS'),15,14,'2');
REM INSERTING into BASEBALL.ROOKIE_DETAIL
SET DEFINE OFF;
Insert into BASEBALL.ROOKIE_DETAIL (MID,PRICE,PAYDATE,RTYPE,RDETAIL) values ('aa',120000,to_date('18/01/31 13:29:19','RR/MM/DD HH24:MI:SS'),'2','입찰');
Insert into BASEBALL.ROOKIE_DETAIL (MID,PRICE,PAYDATE,RTYPE,RDETAIL) values ('aa',121000,to_date('18/01/31 14:33:51','RR/MM/DD HH24:MI:SS'),'2','입찰');
Insert into BASEBALL.ROOKIE_DETAIL (MID,PRICE,PAYDATE,RTYPE,RDETAIL) values ('ee',8000,to_date('18/01/23 14:39:34','RR/MM/DD HH24:MI:SS'),'1','낙찰실패');
Insert into BASEBALL.ROOKIE_DETAIL (MID,PRICE,PAYDATE,RTYPE,RDETAIL) values ('ff',9000,to_date('18/01/23 14:39:34','RR/MM/DD HH24:MI:SS'),'1','낙찰실패');
Insert into BASEBALL.ROOKIE_DETAIL (MID,PRICE,PAYDATE,RTYPE,RDETAIL) values ('aa',11114,to_date('18/01/23 14:39:34','RR/MM/DD HH24:MI:SS'),'1','낙찰실패');
Insert into BASEBALL.ROOKIE_DETAIL (MID,PRICE,PAYDATE,RTYPE,RDETAIL) values ('aa',11111,to_date('18/01/23 14:39:34','RR/MM/DD HH24:MI:SS'),'1','낙찰실패');
Insert into BASEBALL.ROOKIE_DETAIL (MID,PRICE,PAYDATE,RTYPE,RDETAIL) values ('aa',11112,to_date('18/01/23 14:39:34','RR/MM/DD HH24:MI:SS'),'1','낙찰실패');
Insert into BASEBALL.ROOKIE_DETAIL (MID,PRICE,PAYDATE,RTYPE,RDETAIL) values ('aa',2000,to_date('18/01/23 14:39:34','RR/MM/DD HH24:MI:SS'),'1','낙찰실패');
Insert into BASEBALL.ROOKIE_DETAIL (MID,PRICE,PAYDATE,RTYPE,RDETAIL) values ('aa',3000,to_date('18/01/23 14:39:34','RR/MM/DD HH24:MI:SS'),'1','낙찰실패');
Insert into BASEBALL.ROOKIE_DETAIL (MID,PRICE,PAYDATE,RTYPE,RDETAIL) values ('bb',4000,to_date('18/01/23 14:39:34','RR/MM/DD HH24:MI:SS'),'1','낙찰실패');
Insert into BASEBALL.ROOKIE_DETAIL (MID,PRICE,PAYDATE,RTYPE,RDETAIL) values ('bb',5000,to_date('18/01/23 14:39:34','RR/MM/DD HH24:MI:SS'),'1','낙찰실패');
Insert into BASEBALL.ROOKIE_DETAIL (MID,PRICE,PAYDATE,RTYPE,RDETAIL) values ('cc',6000,to_date('18/01/23 14:39:34','RR/MM/DD HH24:MI:SS'),'1','낙찰실패');
Insert into BASEBALL.ROOKIE_DETAIL (MID,PRICE,PAYDATE,RTYPE,RDETAIL) values ('aa',11113,to_date('18/01/23 14:39:34','RR/MM/DD HH24:MI:SS'),'1','낙찰실패');
Insert into BASEBALL.ROOKIE_DETAIL (MID,PRICE,PAYDATE,RTYPE,RDETAIL) values ('aa',11115,to_date('18/01/24 17:24:35','RR/MM/DD HH24:MI:SS'),'2','입찰');
Insert into BASEBALL.ROOKIE_DETAIL (MID,PRICE,PAYDATE,RTYPE,RDETAIL) values ('aa',111111,to_date('18/01/26 16:36:42','RR/MM/DD HH24:MI:SS'),'2','입찰');
Insert into BASEBALL.ROOKIE_DETAIL (MID,PRICE,PAYDATE,RTYPE,RDETAIL) values ('aa',111111,to_date('18/01/26 16:37:56','RR/MM/DD HH24:MI:SS'),'2','입찰');
Insert into BASEBALL.ROOKIE_DETAIL (MID,PRICE,PAYDATE,RTYPE,RDETAIL) values ('aa',111111,to_date('18/01/26 16:32:13','RR/MM/DD HH24:MI:SS'),'2','입찰');
Insert into BASEBALL.ROOKIE_DETAIL (MID,PRICE,PAYDATE,RTYPE,RDETAIL) values ('aa',111111,to_date('18/01/26 16:37:59','RR/MM/DD HH24:MI:SS'),'2','입찰');
Insert into BASEBALL.ROOKIE_DETAIL (MID,PRICE,PAYDATE,RTYPE,RDETAIL) values ('aa',111111,to_date('18/01/26 16:38:04','RR/MM/DD HH24:MI:SS'),'2','입찰');
Insert into BASEBALL.ROOKIE_DETAIL (MID,PRICE,PAYDATE,RTYPE,RDETAIL) values ('hanwha',5000,to_date('18/01/31 15:42:22','RR/MM/DD HH24:MI:SS'),'2','입찰');
Insert into BASEBALL.ROOKIE_DETAIL (MID,PRICE,PAYDATE,RTYPE,RDETAIL) values ('hanwha',7000,to_date('18/01/31 15:44:14','RR/MM/DD HH24:MI:SS'),'2','입찰');
Insert into BASEBALL.ROOKIE_DETAIL (MID,PRICE,PAYDATE,RTYPE,RDETAIL) values ('hanwha',8000,to_date('18/01/31 15:45:32','RR/MM/DD HH24:MI:SS'),'2','입찰');
Insert into BASEBALL.ROOKIE_DETAIL (MID,PRICE,PAYDATE,RTYPE,RDETAIL) values ('aa',4000,to_date('18/01/31 15:47:29','RR/MM/DD HH24:MI:SS'),'2','입찰');
Insert into BASEBALL.ROOKIE_DETAIL (MID,PRICE,PAYDATE,RTYPE,RDETAIL) values ('aa',6000,to_date('18/01/31 15:52:05','RR/MM/DD HH24:MI:SS'),'2','입찰');
REM INSERTING into BASEBALL.STADIUM
SET DEFINE OFF;
Insert into BASEBALL.STADIUM (SNO,SNAME,SLOC,IMAGE,LAT,LNG,LOCID) values (1,'고척스카이돔','서울특별시 구로구 경인로 431','/img/community/gujang/gujang-doosan.jpg',37.498601,126.867168,7890664);
Insert into BASEBALL.STADIUM (SNO,SNAME,SLOC,IMAGE,LAT,LNG,LOCID) values (2,'잠실야구장','서울특별시 송파구 올림픽로 25','/img/community/gujang/gujang-doosan.jpg',37.512454,127.071901,20740490);
Insert into BASEBALL.STADIUM (SNO,SNAME,SLOC,IMAGE,LAT,LNG,LOCID) values (3,'인천SK행복드림구장','인천광역시 남구 매소홀로 618','/img/community/gujang/gujang-sk.jpg',37.437075,126.693342,8053130);
Insert into BASEBALL.STADIUM (SNO,SNAME,SLOC,IMAGE,LAT,LNG,LOCID) values (4,'대전한화생명이글스파크','대전광역시 중구 대종로 373','/img/community/gujang/gujang-doosan.jpg',36.317177,127.429045,8131581);
Insert into BASEBALL.STADIUM (SNO,SNAME,SLOC,IMAGE,LAT,LNG,LOCID) values (5,'대구삼성라이온즈파크','대구광역시 수성구 야구전설로 1','/img/community/gujang/gujang-doosan.jpg',35.841344,128.681165,null);
Insert into BASEBALL.STADIUM (SNO,SNAME,SLOC,IMAGE,LAT,LNG,LOCID) values (6,'광주기아챔피언스필드','광주광역시 북구 서림로 10','/img/community/gujang/gujang-kia.jpg',35.16838,126.889011,21755436);
Insert into BASEBALL.STADIUM (SNO,SNAME,SLOC,IMAGE,LAT,LNG,LOCID) values (7,'사직야구장','부산광역시 동래구 사직로 45','/img/community/gujang/gujang-lotte.gif',35.194268,129.061518,null);
Insert into BASEBALL.STADIUM (SNO,SNAME,SLOC,IMAGE,LAT,LNG,LOCID) values (8,'수원kt위즈파크','경기 수원시 장안구 경수대로 893','/img/community/gujang/gujang-hanwha.png',37.300523,127.00954,null);
Insert into BASEBALL.STADIUM (SNO,SNAME,SLOC,IMAGE,LAT,LNG,LOCID) values (9,'마산야구장','경남 창원시 마산회원구 삼호로 63','/img/community/gujang/gujang-doosan.jpg',35.221776,128.580868,null);
Insert into BASEBALL.STADIUM (SNO,SNAME,SLOC,IMAGE,LAT,LNG,LOCID) values (10,'문수야구장','울산광역시 남구 문수로 44','/img/community/gujang/gujang-doosan.jpg',35.532378,129.265575,null);
Insert into BASEBALL.STADIUM (SNO,SNAME,SLOC,IMAGE,LAT,LNG,LOCID) values (11,'청주야구장','청주시 서원구 사직대로 229','/img/community/gujang/gujang-doosan.jpg',null,null,null);
Insert into BASEBALL.STADIUM (SNO,SNAME,SLOC,IMAGE,LAT,LNG,LOCID) values (12,'포항야구장','경북 포항시 남구 희망대로 790','/img/community/gujang/gujang-doosan.jpg',null,null,null);
REM INSERTING into BASEBALL.TEAM
SET DEFINE OFF;
Insert into BASEBALL.TEAM (TNO,TNAME,EMBLEM,SNO1,SNO2,WEB1,WEB2,ENNAME) values (1,'KIA 타이거즈','/img/gudan/emblem/emblem-kia.png',6,null,'#','#','KIA TIGERS');
Insert into BASEBALL.TEAM (TNO,TNAME,EMBLEM,SNO1,SNO2,WEB1,WEB2,ENNAME) values (2,'두산 베어스','/img/gudan/emblem/emblem-doosan.png',2,null,'http://www.doosanbears.com/','http://www.doosanbears.com/season/ticket.do;jsessionid=C11F5CD178A4FBAF65C12C4B67F9158B','DOOSAN BEARS');
Insert into BASEBALL.TEAM (TNO,TNAME,EMBLEM,SNO1,SNO2,WEB1,WEB2,ENNAME) values (3,'롯데 자이언츠','/img/gudan/emblem/emblem-lotte.png',7,10,'#','#','LOTTE GIANTS');
Insert into BASEBALL.TEAM (TNO,TNAME,EMBLEM,SNO1,SNO2,WEB1,WEB2,ENNAME) values (4,'NC 다이노스','/img/gudan/emblem/emblem-nc.png',9,null,'#','#','DOOSAN BEARS');
Insert into BASEBALL.TEAM (TNO,TNAME,EMBLEM,SNO1,SNO2,WEB1,WEB2,ENNAME) values (5,'SK 와이번스','/img/gudan/emblem/emblem-sk.png',3,null,'#','#','SK WYBERNS');
Insert into BASEBALL.TEAM (TNO,TNAME,EMBLEM,SNO1,SNO2,WEB1,WEB2,ENNAME) values (6,'LG 트윈스','/img/gudan/emblem/emblem-lg.png',2,null,'#','#','DOOSAN BEARS');
Insert into BASEBALL.TEAM (TNO,TNAME,EMBLEM,SNO1,SNO2,WEB1,WEB2,ENNAME) values (7,'넥센 히어로즈','/img/gudan/emblem/emblem-nexen.png',1,null,'#','#','DOOSAN BEARS');
Insert into BASEBALL.TEAM (TNO,TNAME,EMBLEM,SNO1,SNO2,WEB1,WEB2,ENNAME) values (8,'한화 이글스','/img/gudan/emblem/emblem-hanwha.png',4,11,'http://www.hanwhaeagles.co.kr/html/main/main.asp','http://www.doosanbears.com/season/ticket.do;jsessionid=C11F5CD178A4FBAF65C12C4B67F9158B','HANWHA EAGLES');
Insert into BASEBALL.TEAM (TNO,TNAME,EMBLEM,SNO1,SNO2,WEB1,WEB2,ENNAME) values (9,'삼성 라이온즈','/img/gudan/emblem/emblem-samsung.png',5,12,'#','#','DOOSAN BEARS');
Insert into BASEBALL.TEAM (TNO,TNAME,EMBLEM,SNO1,SNO2,WEB1,WEB2,ENNAME) values (10,'KT 위즈','/img/gudan/emblem/emblem-kt.png',8,null,'#','#','DOOSAN BEARS');
REM INSERTING into BASEBALL.TEAM_IMG
SET DEFINE OFF;
REM INSERTING into BASEBALL.ZIPCODE
SET DEFINE OFF;
--------------------------------------------------------
--  DDL for Index PK_NOTICE
--------------------------------------------------------

  CREATE UNIQUE INDEX "BASEBALL"."PK_NOTICE" ON "BASEBALL"."NOTICE" ("NO") 
  PCTFREE 10 INITRANS 2 MAXTRANS 255 COMPUTE STATISTICS 
  STORAGE(INITIAL 65536 NEXT 1048576 MINEXTENTS 1 MAXEXTENTS 2147483645
  PCTINCREASE 0 FREELISTS 1 FREELIST GROUPS 1 BUFFER_POOL DEFAULT FLASH_CACHE DEFAULT CELL_FLASH_CACHE DEFAULT)
  TABLESPACE "SYSTEM" ;
--------------------------------------------------------
--  DDL for Index PK_MEMBER
--------------------------------------------------------

  CREATE UNIQUE INDEX "BASEBALL"."PK_MEMBER" ON "BASEBALL"."MEMBER" ("MID") 
  PCTFREE 10 INITRANS 2 MAXTRANS 255 COMPUTE STATISTICS 
  STORAGE(INITIAL 65536 NEXT 1048576 MINEXTENTS 1 MAXEXTENTS 2147483645
  PCTINCREASE 0 FREELISTS 1 FREELIST GROUPS 1 BUFFER_POOL DEFAULT FLASH_CACHE DEFAULT CELL_FLASH_CACHE DEFAULT)
  TABLESPACE "SYSTEM" ;
--------------------------------------------------------
--  DDL for Index PK_AUCTION
--------------------------------------------------------

  CREATE UNIQUE INDEX "BASEBALL"."PK_AUCTION" ON "BASEBALL"."AUCTION" ("ANO") 
  PCTFREE 10 INITRANS 2 MAXTRANS 255 COMPUTE STATISTICS 
  STORAGE(INITIAL 65536 NEXT 1048576 MINEXTENTS 1 MAXEXTENTS 2147483645
  PCTINCREASE 0 FREELISTS 1 FREELIST GROUPS 1 BUFFER_POOL DEFAULT FLASH_CACHE DEFAULT CELL_FLASH_CACHE DEFAULT)
  TABLESPACE "SYSTEM" ;
--------------------------------------------------------
--  DDL for Index PK_BOARD
--------------------------------------------------------

  CREATE UNIQUE INDEX "BASEBALL"."PK_BOARD" ON "BASEBALL"."BOARD" ("BNO") 
  PCTFREE 10 INITRANS 2 MAXTRANS 255 COMPUTE STATISTICS 
  STORAGE(INITIAL 65536 NEXT 1048576 MINEXTENTS 1 MAXEXTENTS 2147483645
  PCTINCREASE 0 FREELISTS 1 FREELIST GROUPS 1 BUFFER_POOL DEFAULT FLASH_CACHE DEFAULT CELL_FLASH_CACHE DEFAULT)
  TABLESPACE "SYSTEM" ;
--------------------------------------------------------
--  DDL for Index PK_STADIUM
--------------------------------------------------------

  CREATE UNIQUE INDEX "BASEBALL"."PK_STADIUM" ON "BASEBALL"."STADIUM" ("SNO") 
  PCTFREE 10 INITRANS 2 MAXTRANS 255 COMPUTE STATISTICS 
  STORAGE(INITIAL 65536 NEXT 1048576 MINEXTENTS 1 MAXEXTENTS 2147483645
  PCTINCREASE 0 FREELISTS 1 FREELIST GROUPS 1 BUFFER_POOL DEFAULT FLASH_CACHE DEFAULT CELL_FLASH_CACHE DEFAULT)
  TABLESPACE "SYSTEM" ;
--------------------------------------------------------
--  DDL for Index PK_NEWS
--------------------------------------------------------

  CREATE UNIQUE INDEX "BASEBALL"."PK_NEWS" ON "BASEBALL"."NEWS" ("NNO") 
  PCTFREE 10 INITRANS 2 MAXTRANS 255 COMPUTE STATISTICS 
  STORAGE(INITIAL 65536 NEXT 1048576 MINEXTENTS 1 MAXEXTENTS 2147483645
  PCTINCREASE 0 FREELISTS 1 FREELIST GROUPS 1 BUFFER_POOL DEFAULT FLASH_CACHE DEFAULT CELL_FLASH_CACHE DEFAULT)
  TABLESPACE "SYSTEM" ;
--------------------------------------------------------
--  DDL for Index PK_AUCTION_RESULT
--------------------------------------------------------

  CREATE UNIQUE INDEX "BASEBALL"."PK_AUCTION_RESULT" ON "BASEBALL"."AUCTION_RESULT" ("ANO") 
  PCTFREE 10 INITRANS 2 MAXTRANS 255 COMPUTE STATISTICS 
  STORAGE(INITIAL 65536 NEXT 1048576 MINEXTENTS 1 MAXEXTENTS 2147483645
  PCTINCREASE 0 FREELISTS 1 FREELIST GROUPS 1 BUFFER_POOL DEFAULT FLASH_CACHE DEFAULT CELL_FLASH_CACHE DEFAULT)
  TABLESPACE "USERS" ;
--------------------------------------------------------
--  DDL for Index PK_MEMBER_DETAIL
--------------------------------------------------------

  CREATE UNIQUE INDEX "BASEBALL"."PK_MEMBER_DETAIL" ON "BASEBALL"."MEMBER_DETAIL" ("MID") 
  PCTFREE 10 INITRANS 2 MAXTRANS 255 COMPUTE STATISTICS 
  STORAGE(INITIAL 65536 NEXT 1048576 MINEXTENTS 1 MAXEXTENTS 2147483645
  PCTINCREASE 0 FREELISTS 1 FREELIST GROUPS 1 BUFFER_POOL DEFAULT FLASH_CACHE DEFAULT CELL_FLASH_CACHE DEFAULT)
  TABLESPACE "SYSTEM" ;
--------------------------------------------------------
--  DDL for Index NOTICE_PK
--------------------------------------------------------

  CREATE UNIQUE INDEX "BASEBALL"."NOTICE_PK" ON "BASEBALL"."NOTICE_TYPE" ("NTYPE") 
  PCTFREE 10 INITRANS 2 MAXTRANS 255 COMPUTE STATISTICS 
  STORAGE(INITIAL 65536 NEXT 1048576 MINEXTENTS 1 MAXEXTENTS 2147483645
  PCTINCREASE 0 FREELISTS 1 FREELIST GROUPS 1 BUFFER_POOL DEFAULT FLASH_CACHE DEFAULT CELL_FLASH_CACHE DEFAULT)
  TABLESPACE "SYSTEM" ;
--------------------------------------------------------
--  DDL for Index PK_TEAM
--------------------------------------------------------

  CREATE UNIQUE INDEX "BASEBALL"."PK_TEAM" ON "BASEBALL"."TEAM" ("TNO") 
  PCTFREE 10 INITRANS 2 MAXTRANS 255 COMPUTE STATISTICS 
  STORAGE(INITIAL 65536 NEXT 1048576 MINEXTENTS 1 MAXEXTENTS 2147483645
  PCTINCREASE 0 FREELISTS 1 FREELIST GROUPS 1 BUFFER_POOL DEFAULT FLASH_CACHE DEFAULT CELL_FLASH_CACHE DEFAULT)
  TABLESPACE "SYSTEM" ;
--------------------------------------------------------
--  Constraints for Table AUCTION_RESULT
--------------------------------------------------------

  ALTER TABLE "BASEBALL"."AUCTION_RESULT" MODIFY ("ANO" NOT NULL ENABLE);
  ALTER TABLE "BASEBALL"."AUCTION_RESULT" ADD CONSTRAINT "PK_AUCTION_RESULT" PRIMARY KEY ("ANO")
  USING INDEX PCTFREE 10 INITRANS 2 MAXTRANS 255 COMPUTE STATISTICS 
  STORAGE(INITIAL 65536 NEXT 1048576 MINEXTENTS 1 MAXEXTENTS 2147483645
  PCTINCREASE 0 FREELISTS 1 FREELIST GROUPS 1 BUFFER_POOL DEFAULT FLASH_CACHE DEFAULT CELL_FLASH_CACHE DEFAULT)
  TABLESPACE "USERS"  ENABLE;
--------------------------------------------------------
--  Constraints for Table MEMBER
--------------------------------------------------------

  ALTER TABLE "BASEBALL"."MEMBER" MODIFY ("MID" NOT NULL ENABLE);
  ALTER TABLE "BASEBALL"."MEMBER" ADD CONSTRAINT "PK_MEMBER" PRIMARY KEY ("MID")
  USING INDEX PCTFREE 10 INITRANS 2 MAXTRANS 255 COMPUTE STATISTICS 
  STORAGE(INITIAL 65536 NEXT 1048576 MINEXTENTS 1 MAXEXTENTS 2147483645
  PCTINCREASE 0 FREELISTS 1 FREELIST GROUPS 1 BUFFER_POOL DEFAULT FLASH_CACHE DEFAULT CELL_FLASH_CACHE DEFAULT)
  TABLESPACE "SYSTEM"  ENABLE;
--------------------------------------------------------
--  Constraints for Table STADIUM
--------------------------------------------------------

  ALTER TABLE "BASEBALL"."STADIUM" MODIFY ("SNO" NOT NULL ENABLE);
  ALTER TABLE "BASEBALL"."STADIUM" ADD CONSTRAINT "PK_STADIUM" PRIMARY KEY ("SNO")
  USING INDEX PCTFREE 10 INITRANS 2 MAXTRANS 255 COMPUTE STATISTICS 
  STORAGE(INITIAL 65536 NEXT 1048576 MINEXTENTS 1 MAXEXTENTS 2147483645
  PCTINCREASE 0 FREELISTS 1 FREELIST GROUPS 1 BUFFER_POOL DEFAULT FLASH_CACHE DEFAULT CELL_FLASH_CACHE DEFAULT)
  TABLESPACE "SYSTEM"  ENABLE;
--------------------------------------------------------
--  Constraints for Table NOTICE_TYPE
--------------------------------------------------------

  ALTER TABLE "BASEBALL"."NOTICE_TYPE" MODIFY ("NTYPE" NOT NULL ENABLE);
  ALTER TABLE "BASEBALL"."NOTICE_TYPE" ADD CONSTRAINT "NOTICE_PK" PRIMARY KEY ("NTYPE")
  USING INDEX PCTFREE 10 INITRANS 2 MAXTRANS 255 COMPUTE STATISTICS 
  STORAGE(INITIAL 65536 NEXT 1048576 MINEXTENTS 1 MAXEXTENTS 2147483645
  PCTINCREASE 0 FREELISTS 1 FREELIST GROUPS 1 BUFFER_POOL DEFAULT FLASH_CACHE DEFAULT CELL_FLASH_CACHE DEFAULT)
  TABLESPACE "SYSTEM"  ENABLE;
--------------------------------------------------------
--  Constraints for Table NOTICE
--------------------------------------------------------

  ALTER TABLE "BASEBALL"."NOTICE" MODIFY ("NO" NOT NULL ENABLE);
  ALTER TABLE "BASEBALL"."NOTICE" ADD CONSTRAINT "PK_NOTICE" PRIMARY KEY ("NO")
  USING INDEX PCTFREE 10 INITRANS 2 MAXTRANS 255 COMPUTE STATISTICS 
  STORAGE(INITIAL 65536 NEXT 1048576 MINEXTENTS 1 MAXEXTENTS 2147483645
  PCTINCREASE 0 FREELISTS 1 FREELIST GROUPS 1 BUFFER_POOL DEFAULT FLASH_CACHE DEFAULT CELL_FLASH_CACHE DEFAULT)
  TABLESPACE "SYSTEM"  ENABLE;
--------------------------------------------------------
--  Constraints for Table NEWS
--------------------------------------------------------

  ALTER TABLE "BASEBALL"."NEWS" MODIFY ("NNO" NOT NULL ENABLE);
  ALTER TABLE "BASEBALL"."NEWS" ADD CONSTRAINT "PK_NEWS" PRIMARY KEY ("NNO")
  USING INDEX PCTFREE 10 INITRANS 2 MAXTRANS 255 COMPUTE STATISTICS 
  STORAGE(INITIAL 65536 NEXT 1048576 MINEXTENTS 1 MAXEXTENTS 2147483645
  PCTINCREASE 0 FREELISTS 1 FREELIST GROUPS 1 BUFFER_POOL DEFAULT FLASH_CACHE DEFAULT CELL_FLASH_CACHE DEFAULT)
  TABLESPACE "SYSTEM"  ENABLE;
--------------------------------------------------------
--  Constraints for Table TEAM
--------------------------------------------------------

  ALTER TABLE "BASEBALL"."TEAM" MODIFY ("TNO" NOT NULL ENABLE);
  ALTER TABLE "BASEBALL"."TEAM" ADD CONSTRAINT "PK_TEAM" PRIMARY KEY ("TNO")
  USING INDEX PCTFREE 10 INITRANS 2 MAXTRANS 255 COMPUTE STATISTICS 
  STORAGE(INITIAL 65536 NEXT 1048576 MINEXTENTS 1 MAXEXTENTS 2147483645
  PCTINCREASE 0 FREELISTS 1 FREELIST GROUPS 1 BUFFER_POOL DEFAULT FLASH_CACHE DEFAULT CELL_FLASH_CACHE DEFAULT)
  TABLESPACE "SYSTEM"  ENABLE;
--------------------------------------------------------
--  Constraints for Table MEMBER_DETAIL
--------------------------------------------------------

  ALTER TABLE "BASEBALL"."MEMBER_DETAIL" MODIFY ("MID" NOT NULL ENABLE);
  ALTER TABLE "BASEBALL"."MEMBER_DETAIL" ADD CONSTRAINT "PK_MEMBER_DETAIL" PRIMARY KEY ("MID")
  USING INDEX PCTFREE 10 INITRANS 2 MAXTRANS 255 COMPUTE STATISTICS 
  STORAGE(INITIAL 65536 NEXT 1048576 MINEXTENTS 1 MAXEXTENTS 2147483645
  PCTINCREASE 0 FREELISTS 1 FREELIST GROUPS 1 BUFFER_POOL DEFAULT FLASH_CACHE DEFAULT CELL_FLASH_CACHE DEFAULT)
  TABLESPACE "SYSTEM"  ENABLE;
--------------------------------------------------------
--  Constraints for Table BOARD
--------------------------------------------------------

  ALTER TABLE "BASEBALL"."BOARD" MODIFY ("BNO" NOT NULL ENABLE);
  ALTER TABLE "BASEBALL"."BOARD" ADD CONSTRAINT "PK_BOARD" PRIMARY KEY ("BNO")
  USING INDEX PCTFREE 10 INITRANS 2 MAXTRANS 255 COMPUTE STATISTICS 
  STORAGE(INITIAL 65536 NEXT 1048576 MINEXTENTS 1 MAXEXTENTS 2147483645
  PCTINCREASE 0 FREELISTS 1 FREELIST GROUPS 1 BUFFER_POOL DEFAULT FLASH_CACHE DEFAULT CELL_FLASH_CACHE DEFAULT)
  TABLESPACE "SYSTEM"  ENABLE;
--------------------------------------------------------
--  Constraints for Table AUCTION
--------------------------------------------------------

  ALTER TABLE "BASEBALL"."AUCTION" MODIFY ("ANO" NOT NULL ENABLE);
  ALTER TABLE "BASEBALL"."AUCTION" ADD CONSTRAINT "PK_AUCTION" PRIMARY KEY ("ANO")
  USING INDEX PCTFREE 10 INITRANS 2 MAXTRANS 255 COMPUTE STATISTICS 
  STORAGE(INITIAL 65536 NEXT 1048576 MINEXTENTS 1 MAXEXTENTS 2147483645
  PCTINCREASE 0 FREELISTS 1 FREELIST GROUPS 1 BUFFER_POOL DEFAULT FLASH_CACHE DEFAULT CELL_FLASH_CACHE DEFAULT)
  TABLESPACE "SYSTEM"  ENABLE;
--------------------------------------------------------
--  Ref Constraints for Table AUCTION
--------------------------------------------------------

  ALTER TABLE "BASEBALL"."AUCTION" ADD CONSTRAINT "FK_AUCTION_MID" FOREIGN KEY ("MID")
	  REFERENCES "BASEBALL"."MEMBER" ("MID") ENABLE;
  ALTER TABLE "BASEBALL"."AUCTION" ADD CONSTRAINT "FK_AUCTION_TNO" FOREIGN KEY ("TNO")
	  REFERENCES "BASEBALL"."TEAM" ("TNO") ENABLE;
--------------------------------------------------------
--  Ref Constraints for Table BOARD
--------------------------------------------------------

  ALTER TABLE "BASEBALL"."BOARD" ADD CONSTRAINT "FK_BOARD_MID" FOREIGN KEY ("MID")
	  REFERENCES "BASEBALL"."MEMBER" ("MID") ENABLE;
  ALTER TABLE "BASEBALL"."BOARD" ADD CONSTRAINT "FK_BOARD_TNO" FOREIGN KEY ("TNO")
	  REFERENCES "BASEBALL"."TEAM" ("TNO") ENABLE;
--------------------------------------------------------
--  Ref Constraints for Table BOARD_REPLY
--------------------------------------------------------

  ALTER TABLE "BASEBALL"."BOARD_REPLY" ADD CONSTRAINT "FK_BOARD_REPLY_BNO" FOREIGN KEY ("BNO")
	  REFERENCES "BASEBALL"."BOARD" ("BNO") ON DELETE CASCADE ENABLE;
  ALTER TABLE "BASEBALL"."BOARD_REPLY" ADD CONSTRAINT "FK_BOARD_REPLY_MID" FOREIGN KEY ("MID")
	  REFERENCES "BASEBALL"."MEMBER" ("MID") ENABLE;
--------------------------------------------------------
--  Ref Constraints for Table MEMBER_DETAIL
--------------------------------------------------------

  ALTER TABLE "BASEBALL"."MEMBER_DETAIL" ADD CONSTRAINT "FK_MEMBER_DETAIL_MID" FOREIGN KEY ("MID")
	  REFERENCES "BASEBALL"."MEMBER" ("MID") ENABLE;
  ALTER TABLE "BASEBALL"."MEMBER_DETAIL" ADD CONSTRAINT "FK_MEMBER_DETAIL_TNO" FOREIGN KEY ("TNO")
	  REFERENCES "BASEBALL"."TEAM" ("TNO") ENABLE;
--------------------------------------------------------
--  Ref Constraints for Table NEWS_REPLY
--------------------------------------------------------

  ALTER TABLE "BASEBALL"."NEWS_REPLY" ADD CONSTRAINT "FK_NEWS_REPLY_MID" FOREIGN KEY ("MID")
	  REFERENCES "BASEBALL"."MEMBER" ("MID") ENABLE;
  ALTER TABLE "BASEBALL"."NEWS_REPLY" ADD CONSTRAINT "FK_NEWS_REPLY_NNO" FOREIGN KEY ("NNO")
	  REFERENCES "BASEBALL"."NEWS" ("NNO") ENABLE;
--------------------------------------------------------
--  Ref Constraints for Table NEWS_TEAM
--------------------------------------------------------

  ALTER TABLE "BASEBALL"."NEWS_TEAM" ADD CONSTRAINT "FK_NEWS_TEAM_NNO" FOREIGN KEY ("NNO")
	  REFERENCES "BASEBALL"."NEWS" ("NNO") ENABLE;
  ALTER TABLE "BASEBALL"."NEWS_TEAM" ADD CONSTRAINT "FK_NEWS_TEAM_TNO" FOREIGN KEY ("TNO")
	  REFERENCES "BASEBALL"."TEAM" ("TNO") ENABLE;
--------------------------------------------------------
--  Ref Constraints for Table NOTICE
--------------------------------------------------------

  ALTER TABLE "BASEBALL"."NOTICE" ADD FOREIGN KEY ("NTYPE")
	  REFERENCES "BASEBALL"."NOTICE_TYPE" ("NTYPE") ENABLE;
--------------------------------------------------------
--  Ref Constraints for Table PICTURE
--------------------------------------------------------

  ALTER TABLE "BASEBALL"."PICTURE" ADD CONSTRAINT "FK_PICTURE" FOREIGN KEY ("BNO")
	  REFERENCES "BASEBALL"."BOARD" ("BNO") ENABLE;
--------------------------------------------------------
--  Ref Constraints for Table PLAN
--------------------------------------------------------

  ALTER TABLE "BASEBALL"."PLAN" ADD CONSTRAINT "FK_PLAN2_TNO2" FOREIGN KEY ("TNO2")
	  REFERENCES "BASEBALL"."TEAM" ("TNO") ENABLE;
  ALTER TABLE "BASEBALL"."PLAN" ADD CONSTRAINT "FK_PLAN_SNO" FOREIGN KEY ("SNO")
	  REFERENCES "BASEBALL"."STADIUM" ("SNO") ENABLE;
  ALTER TABLE "BASEBALL"."PLAN" ADD CONSTRAINT "FK_PLAN_TNO1" FOREIGN KEY ("TNO1")
	  REFERENCES "BASEBALL"."TEAM" ("TNO") ENABLE;
--------------------------------------------------------
--  Ref Constraints for Table ROOKIE_DETAIL
--------------------------------------------------------

  ALTER TABLE "BASEBALL"."ROOKIE_DETAIL" ADD CONSTRAINT "FK_ROOKIE_DETAIL_MID" FOREIGN KEY ("MID")
	  REFERENCES "BASEBALL"."MEMBER_DETAIL" ("MID") ENABLE;
--------------------------------------------------------
--  Ref Constraints for Table TEAM
--------------------------------------------------------

  ALTER TABLE "BASEBALL"."TEAM" ADD CONSTRAINT "FK_TEAM2_SNO2" FOREIGN KEY ("SNO2")
	  REFERENCES "BASEBALL"."STADIUM" ("SNO") ENABLE;
  ALTER TABLE "BASEBALL"."TEAM" ADD CONSTRAINT "FK_TEAM_SNO1" FOREIGN KEY ("SNO1")
	  REFERENCES "BASEBALL"."STADIUM" ("SNO") ENABLE;
--------------------------------------------------------
--  Ref Constraints for Table TEAM_IMG
--------------------------------------------------------

  ALTER TABLE "BASEBALL"."TEAM_IMG" ADD CONSTRAINT "FK_TEAM_IMG" FOREIGN KEY ("TNO")
	  REFERENCES "BASEBALL"."TEAM" ("TNO") ENABLE;
